id,run,trial,rewFunc,emotion,magnitude,probability,score,rt,clock_onset,isi_onset,feedback_onset,iti_onset,iti_offset,isi_ideal,feedback_ideal,iti_ideal,trial_offset
11280,1,1,CEV,scram,43,0.825857142857143,43,519,0.0005212954711169,0.52073238347657,0.821226161438972,1.67188120260835,2.97203247901052,0.3,0.85,1.3,3.02117755170912
11280,1,2,CEV,scram,48,0.733857142857143,0,1163,3.02231596480124,1.16375712561421,1.46385196992196,2.31402985565364,3.36414153198712,0.3,0.85,1.05,3.3823986009229
11280,1,3,CEV,scram,42,0.831428571428571,42,480,6.40481541655026,0.480368594406173,0.780488302232698,1.63067401014268,2.88078177534044,0.3,0.85,1.25,2.90461748628877
11280,1,4,CEV,scram,42,0.848857142857143,42,358,9.30953626800328,0.358071766095236,0.658174712210894,1.50837746122852,2.65848620422184,0.3,0.85,1.15,2.67717405408621
11280,1,5,CEV,scram,44,0.843428571428571,44,396,11.9868100555614,0.396564088528976,0.696658932836726,1.54684100905433,2.79695100919344,0.3,0.85,1.25,2.81583553226665
11280,1,6,CEV,scram,43,0.845714285714286,43,380,14.8027444828767,0.379709711764008,0.679798130877316,1.52998970542103,3.03012673417106,0.3,0.85,1.5,3.04917664127424
11280,1,7,CEV,scram,40,0.843428571428571,40,396,17.85202085739,0.396092240931466,0.696233180584386,1.54642168222927,2.94653007574379,0.3,0.85,1.4,2.96589734172449
11280,1,8,CEV,scram,48,0.819714285714286,48,562,20.8180204469245,0.562394941225648,0.862484198296443,1.7126824776642,2.7128003698308,0.3,0.85,1,2.73234642948955
11280,1,9,CEV,scram,50,0.793571428571429,50,745,23.5504660508595,0.745662367669865,1.04576810752042,1.89592671697028,3.39606346632354,0.3,0.85,1.5,3.41595817357302
11280,1,10,CEV,scram,46,0.727,46,1211,26.9665233991109,1.21167215378955,1.51176755689085,2.36193231260404,3.61205264902674,0.3,0.85,1.25,3.63217280409299
11280,1,11,CEV,scram,52,0.667428571428571,52,1628,30.5987953776494,1.62807172420435,1.92819534335285,2.77840954647399,4.27855579415336,0.3,0.85,1.5,4.29924501571804
11280,1,12,CEV,scram,57,0.681857142857143,0,1527,34.8981420823839,1.52735277800821,1.8274448288139,2.67764143203385,3.92777378135361,0.3,0.85,1.25,3.94842724432237
11280,1,13,CEV,scram,50,0.803142857142857,50,678,38.8466721330769,0.677781673381105,0.977882663719356,1.82808485417627,2.82819855585694,0.3,0.85,1,2.8491685395129
11280,1,14,CEV,scram,47,0.784142857142857,47,811,41.6959426407702,0.810859760269523,1.11096438230015,1.9611252269242,3.01123690302484,0.3,0.85,1.05,3.03235606756061
11280,1,15,CEV,scram,51,0.781857142857143,51,827,44.7283990005963,0.827400968410075,1.12751061934978,1.97765861288644,3.22779822559096,0.3,0.85,1.25,3.24920290149748
11280,1,16,CEV,scram,50,0.774714285714286,50,877,47.9777021941263,0.877012581098825,1.17710491130129,2.02726882882416,3.12738267006353,0.3,0.85,1.1,3.14905693312176
11280,1,17,CEV,scram,41,0.839,41,427,51.1268599780742,0.426967952633277,0.72707648598589,1.57728007342666,2.92740110820159,0.3,0.85,1.35,2.94909772044048
11280,1,18,CEV,scram,48,0.774857142857143,48,876,54.076056873193,0.876656670123339,1.1767490003258,2.02694448595867,3.52707341290079,0.3,0.85,1.5,3.54965142230503
11280,1,19,CEV,scram,53,0.767857142857143,0,925,57.6258208795916,0.925706200068817,1.22581221908331,2.07596999057569,3.5260836223606,0.3,0.85,1.45,3.5483839425724
11280,1,20,CEV,scram,61,0.644,61,1792,61.1743098634761,1.79246189119294,2.09257349744439,2.94278825935908,4.39293597382493,0.3,0.85,1.45,4.41559136705473
11280,1,21,CEV,scram,62,0.596428571428571,62,2125,65.5900026401505,2.12520613637753,2.42533226986416,3.27554479683749,4.2756554253865,0.3,0.85,1,4.29842060920782
11280,1,22,CEV,scram,68,0.565428571428571,0,2342,69.8885241001844,2.34187194192782,2.64199528144673,3.49217819585465,4.49228267837316,0.3,0.85,1,4.51542640198022
11280,1,23,CEV,scram,49,0.767857142857143,49,925,74.4040555434767,0.925270111067221,1.22536858730018,2.07554563507438,3.27564844139852,0.3,0.85,1.2,3.29897319339216
11280,1,24,CEV,scram,66,0.560857142857143,66,2374,77.7031323814299,2.37464985065162,2.67475140001625,3.52491196501069,4.7250457808841,0.3,0.85,1.2,4.74845993006602
11280,1,25,CEV,scram,48,0.756,48,1008,82.4516931620892,1.00836419174448,1.30846266774461,2.15862965839915,3.50875795679167,0.3,0.85,1.35,3.53235955978744
11280,1,26,CEV,scram,53,0.720285714285714,53,1258,85.9841591599397,1.25791853433475,1.55800862959586,2.40821137884632,3.50832857261412,0.3,0.85,1.1,3.5322656929493
11280,1,27,CEV,scram,55,0.699,55,1407,89.5165257037152,1.40769595024176,1.70778381056152,2.5579399059061,3.80807700427249,0.3,0.85,1.25,3.83257955964655
11280,1,28,CEV,scram,55,0.713285714285714,55,1307,93.3492150539532,1.30710327718407,1.60720398812555,2.45736231841147,3.70750500401482,0.3,0.85,1.25,3.73208801681176
11280,1,29,CEV,scram,51,0.696714285714286,51,1423,97.0814058771357,1.42363875848241,1.72373555856757,2.57388159655966,3.5740123395808,0.3,0.85,1,3.59874229831621
11280,1,30,CEV,scram,56,0.703857142857143,56,1373,100.680249864236,1.37363771093078,1.67374903801829,2.52393167279661,3.87403790140525,0.3,0.85,1.35,3.89902515546419
11280,1,31,CEV,scram,50,0.727714285714286,50,1206,104.579377267277,1.20662402617745,1.50672920723446,2.35688697872683,3.70701946760528,0.3,0.85,1.35,3.73222993430682
11280,1,32,CEV,scram,47,0.715857142857143,47,1289,108.311708890367,1.28969240514562,1.58978864643723,2.43994334479794,3.4900804432109,0.3,0.85,1.05,3.51548004010692
11280,1,33,CEV,scram,52,0.696714285714286,52,1423,111.827293412993,1.42291464423761,1.7230039013084,2.57318374281749,4.07331686024554,0.3,0.85,1.5,4.09906454593875
11280,1,34,CEV,scram,55,0.706285714285714,55,1356,115.926461324096,1.35574744828045,1.65584676270373,2.50604252773337,3.90615986101329,0.3,0.85,1.4,3.93205058178864
11280,1,35,CEV,scram,55,0.708714285714286,55,1339,119.858617785387,1.33897269051522,1.63906837301329,2.48926749057136,3.83941283030435,0.3,0.85,1.35,3.86543569085188
11280,1,36,CEV,scram,52,0.696857142857143,0,1422,123.724155723816,1.42213549488224,1.7222295012325,2.57239649165422,3.62250369810499,0.3,0.85,1.05,3.64879223471507
11280,1,37,CEV,scram,44,0.765857142857143,44,939,127.373049368151,0.93886653194204,1.23899126844481,2.08916691923514,3.43931058282033,0.3,0.85,1.35,3.46593296062201
11280,1,38,CEV,scram,50,0.744571428571429,50,1088,130.839089884423,1.08830619533546,1.38839349686168,2.23859289381653,3.33869863348082,0.3,0.85,1.1,3.36552103678696
11280,1,39,CEV,scram,54,0.735,54,1155,134.204712330829,1.15489454660565,1.45498743560165,2.30517398170196,3.60529061662965,0.3,0.85,1.3,3.64239002438262
11280,1,40,CEV,scram,49,0.698428571428571,49,1411,137.847209910862,1.41111649665982,1.71120575373061,2.56136911245994,3.81147911259905,0.3,0.85,1.25,3.83880828437395
11280,1,41,CEV,scram,49,0.713714285714286,49,1304,141.68612072221,1.30430124490522,1.60439301631413,2.45455246395431,3.5546598797664,0.3,0.85,1.1,3.58210694370791
11280,1,42,CEV,scram,53,0.725571428571429,53,1221,145.268329913495,1.22093394561671,1.52102823136374,2.37119103129953,3.72132743126713,0.3,0.85,1.35,3.74904687609524
11280,1,43,CEV,scram,55,0.701857142857143,0,1387,149.017478757771,1.38718189042993,1.68727589678019,2.53744037309662,3.5375758651644,0.3,0.85,1,3.5656515005976
11280,1,44,CEV,scram,63,0.625714285714286,0,1920,152.583235020284,1.92008369765244,2.22018412942998,3.07032597716898,4.52043346269056,0.3,0.85,1.45,4.54852725681849
11280,1,45,CEV,scram,46,0.778142857142857,46,853,157.131863127928,0.853628324344754,1.15372009575367,2.00392144802026,3.25406329566613,0.3,0.85,1.25,3.28244567406364
11280,1,46,CEV,scram,48,0.730571428571429,48,1186,160.414409931982,1.1865605826024,1.48666939511895,2.3368687920738,3.63701587775722,0.3,0.85,1.3,3.66583909420297
11280,1,47,CEV,scram,57,0.685428571428571,57,1502,164.080353508703,1.50264041940682,1.80274839396589,2.65289443219081,4.053005898837,0.3,0.85,1.4,4.08187297545373
11280,1,48,CEV,scram,53,0.683,53,1519,168.16232761438,1.51933276443742,1.8194379452616,2.66960577387363,3.91974259284325,0.3,0.85,1.25,3.94869794906117
11280,1,49,CEV,scram,54,0.718714285714286,54,1269,172.111130883917,1.26931830728427,1.5694109168835,2.41957762790844,3.81970892963,0.3,0.85,1.4,3.84890034911223
11280,1,50,CEV,scram,46,0.721142857142857,46,1252,175.960135156987,1.25238151778467,1.55247133364901,2.40263776527718,3.65277542243712,0.3,0.85,1.25,3.68223642953672
11280,1,51,CEV,scram,51,0.775857142857143,0,869,179.642473834101,0.86895261821337,1.16904690396041,2.01920886593871,3.11935511347838,0.3,0.85,1.1,3.14921309822239
11280,1,52,CEV,scram,59,0.659285714285714,59,1685,182.791790856281,1.68499935045838,1.98509559175,2.83525559795089,4.03536902018823,0.3,0.85,1.2,4.06543010333553
11280,1,53,CEV,scram,63,0.616571428571429,0,1984,186.857324883575,1.98470783303492,2.28481413144618,3.13502777577378,4.48517451249063,0.3,0.85,1.35,4.5154942877125
11280,1,54,CEV,scram,77,0.5,77,2800,191.372921418864,2.80069478112273,3.10080527001992,3.95097421598621,5.25111683178693,0.3,0.85,1.3,5.28166289301589
11280,1,55,CEV,scram,68,0.526142857142857,0,2617,196.654686280061,2.61725191329606,2.91738084028475,3.76755090383813,5.2176656529773,0.3,0.85,1.45,5.24842235539109
11280,1,56,CEV,scram,54,0.754714285714286,54,1017,201.903218705207,1.01754273241386,1.31763506261632,2.16779814194888,3.2179059071932,0.3,0.85,1.05,3.24877631105483
11280,1,57,CEV,scram,47,0.783285714285714,0,817,205.152097263839,0.817630453035235,1.11772501817904,1.96788865630515,3.0679971894715,0.3,0.85,1.1,3.0993637458887
11280,1,58,CEV,scram,54,0.723857142857143,0,1233,208.251565492246,1.23367187730037,1.53376672184095,2.38393063936383,3.53404077910818,0.3,0.85,1.15,3.5660311577376
11280,1,59,CEV,scram,52,0.676285714285714,52,1566,211.817705322988,1.56629823055118,1.86639670678414,2.71657375455834,4.06668864330277,0.3,0.85,1.35,4.09872204414569
11280,1,60,CEV,scram,53,0.657285714285714,0,1699,215.916529894341,1.69936206960119,1.99946669186465,2.849623066606,3.99975583469495,0.3,0.85,1.15,4.03171743894927
11280,1,61,CEV,scram,51,0.778571428571429,51,850,219.948350139661,0.849844323704019,1.14994894596748,2.00011900952086,3.00025003170595,0.3,0.85,1,3.03233567392454
11280,1,62,CEV,scram,44,0.8,44,700,222.980787781766,0.699764355551451,0.999880152288824,1.85005049523897,3.35017243819311,0.3,0.85,1.5,3.40443352446891
11280,1,63,CEV,scram,41,0.800857142857143,0,694,226.385325788753,0.694117548409849,0.994117548409849,1.84438022156246,3.19438022156246,0.3,0.85,1.35,3.21438022156246
11280,2,64,IEV,happy,17,0.880083967078213,0,805,4.52571548521519e-05,0.805273016681895,1.10537484521046,1.95553568960167,3.05565735301934,0.3,0.85,1.1,3.08922139555216
11280,2,65,IEV,happy,21,0.875886366902748,21,881,3.08936917968094,0.88153969286941,1.18163397861645,2.0317920295056,3.48192773107439,0.3,0.85,1.45,3.51520235114731
11280,2,66,IEV,happy,27,0.835040227888207,0,1398,6.60467685153708,1.39826486306265,1.69835272338241,2.54854010767303,3.64868244412355,0.3,0.85,1.1,3.68296696920879
11280,2,67,IEV,happy,22,0.891615796661326,22,531,10.2877558460459,0.530920549994335,0.831007292959839,1.68117707711644,3.08129413099959,0.3,0.85,1.4,3.11522917030379
11280,2,68,IEV,happy,41,0.743124620918921,0,2114,13.4030892194714,2.11404214776121,2.41413978603669,3.26431711297482,4.71446007792838,0.3,0.85,1.45,4.74849624745548
11280,2,69,IEV,happy,20,0.896730848977562,20,331,18.1516891112551,0.331148232566193,0.631283026188612,1.48148158495314,2.58159347088076,0.3,0.85,1.1,2.61589252273552
11280,2,70,IEV,happy,55,0.664117909949085,55,2580,20.7676844403613,2.58021620078944,2.88031607377343,3.73047216888517,4.7806061943993,0.3,0.85,1.05,4.81514829397202
11280,2,71,IEV,happy,60,0.658061100760374,60,2613,25.5829358201008,2.61336231278256,2.91345911286771,3.7636140906252,5.21372800180689,0.3,0.85,1.45,5.24841592996381
11280,2,72,IEV,happy,63,0.639390164477084,0,2713,30.831459026318,2.71311186184175,3.01320642698556,3.8634172778111,5.0135313286446,0.3,0.85,1.15,5.04860450141132
11280,2,73,IEV,happy,16,0.89054872822954,16,563,35.8801677308511,0.563419093843549,0.8635200841818,1.71372870006599,2.8138676842209,0.3,0.85,1.1,2.84905148553662
11280,2,74,IEV,happy,22,0.891647997539608,0,530,38.7293231403455,0.530019317986444,0.830120308557525,1.68028282909654,2.88042614352889,0.3,0.85,1.2,2.91686820518225
11280,2,75,IEV,happy,22,0.857746352904654,22,1145,41.6463089582976,1.14520560577512,1.44529542163946,2.29545486927964,3.69556186604314,0.3,0.85,1.4,3.73121667699888
11280,2,76,IEV,happy,27,0.852244341158897,27,1212,45.3776298384182,1.21262339223176,1.51271404605359,2.36292154458351,3.41306814132258,0.3,0.85,1.05,3.44950768887065
11280,2,77,IEV,happy,21,0.888775265307171,21,612,48.8272453623358,0.612065779278055,0.912174871191382,1.76235918235034,2.96247372217476,0.3,0.85,1.2,2.99856769503094
11280,2,78,IEV,happy,26,0.861613431788454,26,1095,51.825916701695,1.09558672970161,1.39568129484542,2.24584269803017,3.49597700266168,0.3,0.85,1.25,3.53230731841177
11280,2,79,IEV,happy,22,0.874044744188429,22,912,55.3583296202123,0.912064801435918,1.2121641158592,2.06235876330175,3.26250403327867,0.3,0.85,1.2,3.29901370150037
11280,2,80,IEV,happy,21,0.886788182126305,21,662,58.6574497597758,0.661940553924069,0.962048249086365,1.81221216660924,3.01232866174541,0.3,0.85,1.2,3.04926352365874
11280,2,81,IEV,happy,26,0.866477023384492,26,1028,61.7068186041433,1.02812508284114,1.32822914631106,2.17840367974713,3.42850641626865,0.3,0.85,1.25,3.46582764014602
11280,2,82,IEV,happy,25,0.835440066456097,25,1394,65.1727524029557,1.39426519279368,1.69435696443543,2.54456362477504,3.59469904680736,0.3,0.85,1.05,3.63177387067117
11280,2,83,IEV,happy,48,0.743589215644397,0,2111,68.8046315943357,2.11095348699018,2.41104497923516,3.26121001411229,4.31135800783522,0.3,0.85,1.05,4.34902005689219
11280,2,84,IEV,happy,18,0.875064021788732,18,895,73.1537558545824,0.895191986579448,1.19528850726783,2.04546024696901,3.14557269145735,0.3,0.85,1.1,3.1832727342844
11280,2,85,IEV,happy,28,0.853841942542918,28,1193,76.3371492745355,1.19326785951853,1.49337806901895,2.3436037262436,3.84372594836168,0.3,0.85,1.5,3.88160925474949
11280,2,86,IEV,happy,37,0.782521699071927,37,1843,80.2188641293906,1.84305267850868,2.14314249437302,2.99330278020352,4.09341243095696,0.3,0.85,1.1,4.13151224539615
11280,2,87,IEV,happy,30,0.845101271800927,30,1293,84.350482533453,1.29358871025033,1.59367964370176,2.44384300243109,3.54397751670331,0.3,0.85,1.1,3.58224299456924
11280,2,88,IEV,happy,31,0.810099064098025,31,1626,87.9328311281279,1.62661734921858,1.92671247315593,2.77688309527002,4.22700315248221,0.3,0.85,1.45,4.26562901143916
11280,2,89,IEV,happy,29,0.843626586401862,29,1309,92.1985662982333,1.30958459805697,1.6096816775389,2.45989643945359,3.51001258543693,0.3,0.85,1.05,3.54891361901537
11280,2,90,IEV,happy,36,0.817864125979431,0,1559,95.7475857965183,1.55929929646663,1.8594039187301,2.70960219809785,4.05971652828157,0.3,0.85,1.35,4.09876171406358
11280,2,91,IEV,happy,23,0.884753612249477,23,709,99.8464567423798,0.709384013898671,1.00950036942959,1.85967909335159,3.35979489027523,0.3,0.85,1.5,3.39908815221861
11280,2,92,IEV,happy,52,0.673910586420255,52,2526,103.245647980366,2.52579140663147,2.82589323516004,3.67610883503221,5.1262612985447,0.3,0.85,1.45,5.16620157030411
11280,2,93,IEV,happy,146,0.372129533839591,0,4023,108.4119618556,4.02326440927573,4.3233556218911,5.17354160919785,6.27365572983399,0.3,0.85,1.1,6.31344682071358
11280,2,94,IEV,happy,24,0.886241723826919,24,675,114.725518466672,0.675431374693289,0.975542701780796,1.82575802248903,3.0258991017472,0.3,0.85,1.2,3.06586898630485
11280,2,95,IEV,happy,21,0.861914007235036,21,1091,117.79149305285,1.09164907829836,1.39173665945418,2.24189806263894,3.39200764358975,0.3,0.85,1.15,3.45040417159908
11280,2,96,IEV,happy,29,0.810454429445051,29,1623,121.242011764087,1.62316635227762,1.92326231417246,2.77343153953552,3.97354021249339,0.3,0.85,1.2,4.01389757636935
11280,2,97,IEV,happy,49,0.738915804392212,49,2141,125.256013543578,2.14100423385389,2.4411110910587,3.29128031642176,4.3414132243488,0.3,0.85,1.05,4.3817834390793
11280,2,98,IEV,happy,49,0.73639853578204,0,2157,129.637900068425,2.15766081982292,2.45774756278843,3.30790868657641,4.60801051510498,0.3,0.85,1.3,4.64870283775963
11280,2,99,IEV,happy,17,0.890165395022671,17,574,134.2867076681,0.574511844431981,0.874599984148517,1.72476641600952,3.12490442232229,0.3,0.85,1.4,3.16614206554368
11280,2,100,IEV,happy,23,0.872316189442024,23,940,137.452955333749,0.940427624154836,1.24057862092741,2.09079030994326,3.14096093224362,0.3,0.85,1.05,3.18290508980863
11280,2,101,IEV,happy,32,0.827301170658076,32,1473,140.635970493546,1.47290479647927,1.77300578705035,2.62316746963188,4.12330673309043,0.3,0.85,1.5,4.16481675743125
11280,2,102,IEV,happy,27,0.821887370870895,0,1523,144.800892571686,1.52323437738232,1.82333229482174,2.67353113298304,4.12365091079846,0.3,0.85,1.45,4.16542605264112
11280,2,103,IEV,happy,70,0.621629252543164,70,2806,148.966426738538,2.80590102938004,3.10598833090626,3.95615448337048,5.25629961350933,0.3,0.85,1.3,5.29821862839162
11280,2,104,IEV,happy,70,0.621629252543164,70,2806,154.264750408242,2.80583258485422,3.10595592460595,3.95613492769189,5.10626909276471,0.3,0.85,1.15,5.14831913006492
11280,2,105,IEV,happy,69,0.612130562144188,69,2855,159.413174579386,2.85570652154274,3.15580443898216,4.00595382950269,5.15605167695321,0.3,0.85,1.15,5.198458742816
11280,2,106,IEV,happy,66,0.608813807200087,66,2872,164.611741715809,2.87208653613925,3.17218752671033,4.02238999656402,5.17253393935971,0.3,0.85,1.15,5.21520863682963
11280,2,107,IEV,happy,70,0.612130562144188,0,2855,169.827055114554,2.85505057219416,3.15514290216379,4.00532106729224,5.45546235633083,0.3,0.85,1.45,5.4982376252301
11280,2,108,IEV,happy,27,0.832613706347279,0,1422,175.325399177847,1.42260622512549,1.72269436484203,2.57289208541624,3.57303763460368,0.3,0.85,1,3.61679096077569
11280,2,109,IEV,happy,45,0.71532554503667,0,2287,178.942298532464,2.28700407454744,2.58709305222146,3.43723406177014,4.83735251263715,0.3,0.85,1.4,4.88059320370667
11280,2,110,IEV,happy,17,0.892430682296763,17,505,183.822996218922,0.505294667324051,0.805392584763467,1.6555620895233,3.1557019117754,0.3,0.85,1.5,3.19901998713613
11280,2,111,IEV,happy,25,0.877372879843665,25,855,187.022120409179,0.855002800701186,1.15509876259603,2.00526240072213,3.35540327057242,0.3,0.85,1.35,3.39901216491126
11280,2,112,IEV,happy,20,0.884933131793637,20,705,190.421240409138,0.70480633713305,1.00490201963112,1.85506621655077,3.15517474990338,0.3,0.85,1.3,3.19897333323024
11280,2,113,IEV,happy,17,0.881817681165846,17,771,193.620317107299,0.771336860023439,1.07144232024439,1.92160232667811,3.32172077754512,0.3,0.85,1.4,3.36580738611519
11280,2,114,IEV,happy,17,0.878371157355443,17,837,196.986230372917,0.837640817509964,1.13776192232035,1.98798171267845,3.18812614446506,0.3,0.85,1.2,3.23257676605135
11280,2,115,IEV,happy,21,0.884977825711781,21,704,200.218913018238,0.704216597368941,1.00431395624764,1.85447731497698,3.35459283250384,0.3,0.85,1.5,3.39909066655673
11280,2,116,IEV,happy,20,0.871492518015933,20,953,203.618107329356,0.95352733368054,1.25362385436893,2.10382660361938,3.35393548617139,0.3,0.85,1.25,3.39895210135728
11280,2,117,IEV,happy,26,0.871492518015933,26,953,207.017166706966,0.953362229047343,1.25345874973573,2.10362462280318,3.55376702896319,0.3,0.85,1.45,3.59884175215848
11280,2,118,IEV,happy,26,0.850184012412742,26,1236,210.616114897421,1.2364604996983,1.5365472426638,2.38671060139313,3.38681592210196,0.3,0.85,1,3.43207195308059
11280,2,119,IEV,happy,19,0.869274645681685,19,987,214.0482930094,0.987055617384613,1.28715297603048,2.13732359837741,3.53746160469018,0.3,0.85,1.4,3.58280088659376
11280,2,120,IEV,happy,30,0.82602036934071,30,1485,217.631200334057,1.48565055057406,1.78574232198298,2.63593613170087,3.83606743323617,0.3,0.85,1.2,3.88163998513483
11280,2,121,IEV,happy,25,0.837909368922141,25,1369,221.512945919065,1.36932179937139,1.66941720247269,2.51958195818588,3.91968923434615,0.3,0.85,1.4,3.96552131627686
11280,2,122,IEV,happy,47,0.734499378006428,47,2169,225.478573673405,2.16883374843746,2.46893166610971,3.31913441512734,4.36925167869776,0.3,0.85,1.05,4.4156514306087
11280,2,123,IEV,happy,51,0.698742296349448,0,2385,229.894331262913,2.38485813140869,2.68495940114371,3.53511521709152,5.03522682352923,0.3,0.85,1.5,5.08177743246779
11280,2,124,IEV,happy,16,0.894397480250386,16,435,234.976222397061,0.435269287088886,0.735371674178168,1.58558001089841,2.58571466477588,0.3,0.85,1,2.64273923076689
11280,2,125,IEV,happy,26,0.870133553278539,26,974,237.619069183478,0.974713545991108,1.27481034584343,2.12497146986425,3.42510793963447,0.3,0.85,1.3,3.47181974234991
11280,2,126,IEV,happy,29,0.850270802811428,29,1235,241.09099312895,1.23492063954473,1.53492063954473,2.38529142690822,3.53529142690822,0.3,0.85,1.15,3.55529142690822
11280,3,127,CEVR,scram,163,0.228717767573296,0,638,4.777149297297e-05,0.638697376241907,0.938811497064307,1.78897736989893,2.83908988442272,0.3,0.85,1.05,2.88665710296482
11280,3,128,CEVR,scram,133,0.270750574952958,133,1517,2.88680823962204,1.51736212288961,1.8174497038126,2.66760747530498,4.06774827535264,0.3,0.85,1.4,4.11584768467583
11280,3,129,CEVR,scram,140,0.27069397993311,0,1516,7.00276347971521,1.51671455451287,1.81680381158367,2.66697527212091,3.86711160209961,0.3,0.85,1.2,3.91507021151483
11280,3,130,CEVR,scram,160,0.226557032890133,0,584,10.9179423642345,0.583873928058892,0.883960950421169,1.73413911554962,3.03427837905474,0.3,0.85,1.3,3.08328432799317
11280,3,131,CEVR,scram,127,0.295324971493729,127,1915,14.0013362034224,1.91570185590535,2.21582575445063,3.0659966559615,4.21614171634428,0.3,0.85,1.15,4.26477890345268
11280,3,132,CEVR,scram,155,0.233333333333333,0,750,18.2662207067478,0.749816806521267,1.04990885732695,1.90007137786597,3.40021036216058,0.3,0.85,1.5,3.44891794910654
11280,3,133,CEVR,scram,124,0.302287581699346,0,2016,21.7152478876524,2.01589419879019,2.31599071947858,3.16613955120556,4.1662747641094,0.3,0.85,1,4.21507901139557
11280,3,134,CEVR,scram,129,0.279456193353474,0,1666,25.9304350134917,1.66609275760129,1.96618257346563,2.81632944964804,4.01646075118333,0.3,0.85,1.2,4.06702276389115
11280,3,135,CEVR,scram,105,0.356160616061606,0,2664,29.9975779044908,2.66394639550708,2.96404235740192,3.8141939828638,5.31432514474727,0.3,0.85,1.5,5.36331936041825
11280,3,136,CEVR,scram,163,0.229854455094072,0,666,35.3610020268243,0.666105329059064,0.966226433869451,1.81643197662197,3.16658150684088,0.3,0.85,1.35,3.21607299242169
11280,3,137,CEVR,scram,142,0.252190847127556,142,1165,38.5771814575419,1.16536068124697,1.46545384940691,2.31564626214094,3.46575891622342,0.3,0.85,1.15,3.51544372248463
11280,3,138,CEVR,scram,145,0.258070944599442,145,1282,42.0927313386928,1.28203919786029,1.58214549627155,2.43233232176863,3.68244623276405,0.3,0.85,1.25,3.73262188350782
11280,3,139,CEVR,scram,137,0.262358184764992,137,1364,45.8254582635127,1.3646320970729,1.66472917655483,2.51488610985689,3.71502774790861,0.3,0.85,1.2,3.76536571001634
11280,3,140,CEVR,scram,145,0.259727236261532,0,1314,49.5909320877399,1.31461903685704,1.61475047818385,2.46492305584252,3.46506525273435,0.3,0.85,1,3.51543841464445
11280,3,141,CEVR,scram,126,0.28764993336295,0,1798,53.1064766612835,1.7977499931585,2.09784120600671,2.94801154895686,4.44814718072303,0.3,0.85,1.5,4.49868237436749
11280,3,142,CEVR,scram,161,0.2271132935812,0,598,57.6052713403478,0.597865650663152,0.897954907733947,1.74814899661578,3.2482639553491,0.3,0.85,1.5,3.29906789842062
11280,3,143,CEVR,scram,98,0.369683128746788,98,2797,60.904443721287,2.79688452021219,3.09698048210703,3.94713182817213,5.04724008217454,0.3,0.85,1.1,5.09840747900307
11280,3,144,CEVR,scram,95,0.373198847262248,0,2830,66.0029595941305,2.83002085448243,3.13012435939163,3.98028520378284,5.2304253752809,0.3,0.85,1.25,5.2822277690284
11280,3,145,CEVR,scram,79,0.461840228245364,79,3496,71.2852954776026,3.49572557397187,3.7958198597189,4.6459801455494,5.79610956134275,0.3,0.85,1.15,5.84746078052558
11280,3,146,CEVR,scram,158,0.235326185716882,0,797,77.1328612994403,0.797142374329269,1.09724085056223,1.94740951713175,3.04751916788518,0.3,0.85,1.1,3.09906454593875
11280,3,147,CEVR,scram,131,0.284365393061045,0,1746,80.2320325628389,1.74664461542852,2.04673918057233,2.89691930124536,4.39706359338015,0.3,0.85,1.5,4.44898276170716
11280,3,148,CEVR,scram,105,0.359322974472808,0,2696,84.6811203658581,2.6957590978127,2.99584975186735,3.84600668516941,4.89614071068354,0.3,0.85,1.05,4.94808753626421
11280,3,149,CEVR,scram,125,0.298593497809546,0,1963,89.6293129434343,1.96284583653323,2.26293593179435,3.113100128714,4.56321348110214,0.3,0.85,1.45,4.61553605273366
11280,3,150,CEVR,scram,89,0.43824027072758,0,3345,94.2449520819355,3.3452475105878,3.64533788501285,4.49552638665773,5.54564197408035,0.3,0.85,1.05,5.59832325065508
11280,3,151,CEVR,scram,74,0.487758945386064,0,3645,99.8433809324633,3.64486436126754,3.94495473592542,4.79512088838965,6.09523500897922,0.3,0.85,1.3,6.14802384120412
11280,3,152,CEVR,scram,160,0.237396883593034,0,845,105.991514843423,0.845625072484836,1.14573165029287,1.99588970094919,3.04601087560877,0.3,0.85,1.05,3.09898325055838
11280,3,153,CEVR,scram,147,0.261352169525732,0,1345,109.090602855897,1.34535897732712,1.64544627885334,2.49562947265804,3.59576426632702,0.3,0.85,1.1,3.64890900952742
11280,3,154,CEVR,scram,126,0.289579606440072,0,1828,112.73962277337,1.82832147646695,2.12841296871193,2.97856682888232,4.42871370515786,0.3,0.85,1.45,4.4820551215671
11280,3,155,CEVR,scram,138,0.277183219178082,138,1628,117.221782377455,1.62808485422283,1.92820903216489,2.77837322885171,4.27848204155453,0.3,0.85,1.5,4.33227798505686
11280,3,156,CEVR,scram,144,0.25532334384858,144,1228,121.554169314913,1.2277373240795,1.52784027019516,2.37799971783534,3.47811216232367,0.3,0.85,1.1,3.53216651827097
11280,3,157,CEVR,scram,136,0.26668039538715,0,1444,125.08644143329,1.44423942151479,1.74435465945862,2.59453589771874,3.74464994855225,0.3,0.85,1.15,3.81430237647146
11280,3,158,CEVR,scram,147,0.248799231508165,0,1095,128.900858628796,1.09534060885198,1.39542874856852,2.24558456451632,3.3457218722906,0.3,0.85,1.1,3.42265287903138
11280,3,159,CEVR,scram,121,0.304992934526613,0,2054,132.323617666494,2.05446614022367,2.3545587498229,3.20471819746308,4.70485131489113,0.3,0.85,1.5,4.7595688838046
11280,3,160,CEVR,scram,156,0.237309877221917,0,843,137.083293547155,0.843642697669566,1.14373921812512,1.99391626589932,3.34402305306867,0.3,0.85,1.35,3.39930214593187
11280,3,161,CEVR,scram,140,0.269398793426253,140,1493,140.482702689944,1.49290985311382,1.79303347202949,2.64322113571689,4.14333441806957,0.3,0.85,1.5,4.19839728227817
11280,3,162,CEVR,scram,138,0.269398793426253,0,1493,144.681205851724,1.49299869104289,1.79312705923803,2.64331360533834,3.79346145945601,0.3,0.85,1.15,3.84893443156034
11280,3,163,CEVR,scram,134,0.271260997067449,134,1526,148.530247000745,1.52601685398258,1.82610946358182,2.6762705873698,4.1764059397392,0.3,0.85,1.5,4.23202697536908
11280,3,164,CEVR,scram,137,0.269342762063228,0,1492,152.762386839604,1.49252097704448,1.79260799917392,2.6427780627273,3.69291991041973,0.3,0.85,1.05,3.74844568246044
11280,3,165,CEVR,scram,135,0.274132091447925,0,1576,156.510937563377,1.5760218128562,1.87611134932376,2.72627833974548,4.02638296200894,0.3,0.85,1.3,4.10197804472409
11280,3,166,CEVR,scram,100,0.363661892726762,100,2739,160.613024001708,2.7388690460939,3.03899322403595,3.88917669700459,4.93928502080962,0.3,0.85,1.05,4.99541505961679
11280,3,167,CEVR,scram,97,0.372661870503597,97,2825,165.608544940827,2.82538087945431,3.12547209206969,3.9756575205829,5.42576807946898,0.3,0.85,1.45,5.48224117862992
11280,3,168,CEVR,scram,97,0.372554660529344,97,2824,171.090894513065,2.82420279690996,3.12429680326022,3.97446016198955,5.07457456202246,0.3,0.85,1.1,5.13111275318079
11280,3,169,CEVR,scram,101,0.365612648221344,0,2758,176.222112866351,2.75797315011732,3.05807106778957,3.90824085171334,5.20838374714367,0.3,0.85,1.3,5.26547396392561
11280,3,170,CEVR,scram,158,0.236486486486486,158,824,181.48769243015,0.824627711204812,1.12475552060641,1.9749272603076,3.02503865724429,0.3,0.85,1.05,3.08205428346992
11280,3,171,CEVR,scram,151,0.241649561485352,0,941,184.56985343108,0.941415738547221,1.2415133768227,2.09171528788283,3.09185077995062,0.3,0.85,1,3.149336298462
11280,3,172,CEVR,scram,142,0.263801181503361,0,1391,187.719295888208,1.39077815762721,1.69086853228509,2.54103859560564,3.79115502117202,0.3,0.85,1.25,3.84858746011741
11280,3,173,CEVR,scram,132,0.289320822162645,132,1824,191.567990345182,1.82401981251314,2.12414315226488,2.97432522848248,4.27443739352748,0.3,0.85,1.3,4.3321634454187
11280,3,174,CEVR,scram,128,0.289256198347107,128,1823,195.900260787457,1.8236580346711,2.1237570696976,2.97391484095715,4.1740212792065,0.3,0.85,1.2,4.23198255640455
11280,3,175,CEVR,scram,129,0.285053929121726,129,1757,200.132348664571,1.75686658499762,2.05696226749569,2.90716389915906,4.25727711198851,0.3,0.85,1.35,4.31583930342458
11280,3,176,CEVR,scram,131,0.280850140967252,131,1689,204.448295244249,1.68952450668439,1.98964952258393,2.83982880506665,4.28993768757209,0.3,0.85,1.45,4.34860715549439
11280,3,177,CEVR,scram,125,0.283928962946722,0,1739,208.797008279013,1.73938084300607,2.03952066530474,2.88970665261149,4.13985408772714,0.3,0.85,1.25,4.19883616501465
11280,3,178,CEVR,scram,160,0.228758169934641,160,639,212.995948926546,0.639417300233617,0.939514100318775,1.78968416363932,2.78979227808304,0.3,0.85,1,2.84878832357936
11280,3,179,CEVR,scram,158,0.235711685475064,0,806,215.844843688188,0.806192965945229,1.10629898495972,1.95650983578525,3.35663918196224,0.3,0.85,1.4,3.41584111959673
11280,3,180,CEVR,scram,143,0.262784090909091,0,1372,219.260789849097,1.37227412965149,1.67237428203225,2.52252590749413,3.92266642814502,0.3,0.85,1.4,3.98187088011764
11280,3,181,CEVR,scram,132,0.276827704147071,0,1622,223.24276549113,1.62223718385212,1.92233845358714,2.77251019328833,4.27264498709701,0.3,0.85,1.5,4.33213522960432
11280,3,182,CEVR,scram,142,0.256689791873142,0,1255,227.575007717591,1.25536848953925,1.55547283240594,2.40564624825493,3.5057531055063,0.3,0.85,1.1,3.57844530511647
11280,3,183,CEVR,scram,125,0.305352511200189,125,2059,231.153560857521,2.05875299801119,2.35884616640396,3.20901148067787,4.30912113143131,0.3,0.85,1.1,4.3690695327241
11280,3,184,CEVR,scram,117,0.314931906614786,0,2188,235.522736548912,2.1880361889489,2.48813410638832,3.33828042401001,4.43840879225172,0.3,0.85,1.1,4.49912712373771
11280,3,185,CEVR,scram,121,0.300255042893578,0,1987,240.021970110713,1.9874056619592,2.28749491903,3.13768006837927,4.53783008735627,0.3,0.85,1.4,4.59837996168062
11280,3,186,CEVR,scram,142,0.268171464071236,0,1471,244.620455951896,1.47090314538218,1.77102369139902,2.62123565981165,4.12135285348631,0.3,0.85,1.5,4.18234300729819
11280,3,187,CEVR,scram,94,0.372126436781609,0,2820,248.802908190992,2.81996482773684,3.12005659937859,3.97021772316657,5.27035978017375,0.3,0.85,1.3,5.33130272128619
11280,3,188,CEVR,scram,158,0.239238869388509,0,887,254.134318467928,0.88741976977326,1.18751237937249,2.03768719197251,3.23781821434386,0.3,0.85,1.2,3.29877232993022
11280,3,189,CEVR,scram,133,0.270016680567139,0,1504,257.433197235921,1.50396097847261,1.80396097847261,2.65420968318358,3.65420968318358,0.3,0.85,1,3.67420968318358
11280,4,190,DEV,fear,71,0.627004271331228,71,1088,5.33587299287319e-05,1.0885590207763,1.38866727473214,2.23884292552248,3.73899029078893,0.3,0.85,1.5,3.80131106055342
11280,4,191,DEV,fear,75,0.738848945051673,75,602,3.80146918119863,0.602701181313023,0.90279434947297,1.75296329567209,3.15309906704351,0.3,0.85,1.4,3.21517036366276
11280,4,192,DEV,fear,69,0.742833943221373,69,586,7.01675045304,0.586373407626525,0.886467413976789,1.73662881716155,3.13674307754263,0.3,0.85,1.4,3.1992820315063
11280,4,193,DEV,fear,77,0.663810152415641,77,919,10.2161386432126,0.919150618370622,1.2192454629112,2.06942474539392,3.16954361530952,0.3,0.85,1.1,3.23216442321427
11280,4,194,DEV,fear,73,0.663810152415641,73,919,13.4484153711237,0.919149780413136,1.21924574230798,2.06945519614965,3.119601234328,0.3,0.85,1.05,3.18218488665298
11280,4,195,DEV,fear,73,0.694364877188678,73,786,16.630706137279,0.785850994987413,1.08594723627903,1.93610081728548,3.28622743953019,0.3,0.85,1.35,3.35035039368086
11280,4,196,DEV,fear,77,0.710751860073529,77,717,19.9811635278165,0.717648192774504,1.01775085926056,1.86790360230953,3.16801520856097,0.3,0.85,1.3,3.25328638125211
11280,4,197,DEV,fear,71,0.672626910914635,0,880,23.2345574647188,0.879796175286174,1.1799220291432,2.03010382596403,3.18024357850663,0.3,0.85,1.15,3.24344043736346
11280,4,198,DEV,fear,79,0.538089926293056,79,1551,26.4781051781029,1.5516460891813,1.85173590504564,2.70191043848172,3.80202148598619,0.3,0.85,1.1,3.86552005913109
11280,4,199,DEV,fear,81,0.505054089872907,81,1751,30.3437322340906,1.75133683206514,2.05142916203476,2.90162827959284,4.05177557491697,0.3,0.85,1.15,4.11621002107859
11280,4,200,DEV,fear,82,0.52416147975194,0,1633,34.4600548392627,1.63369981385767,1.93382008071057,2.78398762992583,4.08409281075001,0.3,0.85,1.3,4.14819537126459
11280,4,201,DEV,fear,67,0.755909791793812,67,534,38.6083566485904,0.534392220433801,0.834481756901368,1.6846635537222,3.03477564896457,0.3,0.85,1.35,3.09899023477919
11280,4,202,DEV,fear,70,0.730933891387805,70,634,41.7074555566069,0.634239547187462,0.934329921612516,1.78453909629025,2.98468129313551,0.3,0.85,1.2,3.04921910446137
11280,4,203,DEV,fear,77,0.727004086354053,77,650,44.7567808199674,0.650583244394511,0.950675853993744,1.80088167614304,2.90100054605864,0.3,0.85,1.1,2.96568502415903
11280,4,204,DEV,fear,65,0.786006337226017,65,417,47.7225733997766,0.417208611732349,0.717297310009599,1.56749056093395,2.86760244658217,0.3,0.85,1.3,2.93253276590258
11280,4,205,DEV,fear,71,0.69108409973002,71,800,50.6552140007261,0.800147784175351,1.10024151112884,1.95040850155056,3.30052171438001,0.3,0.85,1.35,3.36571603361517
11280,4,206,DEV,fear,71,0.764560765450904,0,500,54.0210356344469,0.499988685594872,0.800111466553062,1.65029689529911,2.65044495882466,0.3,0.85,1,2.71635165927
11280,4,207,DEV,fear,76,0.657109756895432,76,949,56.7374945697375,0.949154990492389,1.24926212709397,2.09941570786759,3.59952787309885,0.3,0.85,1.5,3.6655804021284
11280,4,208,DEV,fear,79,0.482755839314066,0,1898,60.4031814099289,1.89870723802596,2.19879984739237,3.0489984061569,4.04912104760297,0.3,0.85,1,4.11496097967029
11280,4,209,DEV,fear,81,0.410925974499434,0,2465,64.5182541357353,2.46534042735584,2.76543275732547,3.61558773531578,4.81573160830885,0.3,0.85,1.2,4.88193890545517
11280,4,210,DEV,fear,75,0.695304994233837,75,782,69.4002992000896,0.782245229464024,1.08233839762397,1.93251041672193,3.33262467710301,0.3,0.85,1.4,3.39880934590474
11280,4,211,DEV,fear,75,0.635294023403165,75,1049,72.7992152634542,1.04879167606123,1.34888931410387,2.19908563792706,3.59922895231284,0.3,0.85,1.4,3.6655387764331
11280,4,212,DEV,fear,70,0.660897890122164,0,932,76.4648607573472,0.931956715183333,1.23205435345881,2.08222385821864,3.18235390260816,0.3,0.85,1.1,3.24889532057568
11280,4,213,DEV,fear,72,0.628271592285096,72,1082,79.7138605604414,1.08184783277102,1.38195273419842,2.23210910893977,3.73221652489156,0.3,0.85,1.5,3.79912027926184
11280,4,214,DEV,fear,71,0.70334511256809,71,748,83.5130872777663,0.748153187101707,1.04824439994991,1.8984423999209,3.34858704125509,0.3,0.85,1.45,3.41566847194918
11280,4,215,DEV,fear,74,0.672399347382966,74,881,86.9288633053657,0.881217584712431,1.18133589602076,2.03151238476858,3.43161602923647,0.3,0.85,1.4,3.49948973953724
11280,4,216,DEV,fear,78,0.513662408110997,78,1697,90.4284592035692,1.69686314882711,1.99695464083925,2.84710961882956,4.24724539020099,0.3,0.85,1.4,4.31524593220092
11280,4,217,DEV,fear,78,0.533102416107182,0,1580,94.7438124120235,1.58013434661552,1.88022611802444,2.73038053698838,4.08049570536241,0.3,0.85,1.35,4.14893038081937
11280,4,218,DEV,fear,79,0.559634169731858,79,1430,98.8928528625984,1.42977557191625,1.72986762272194,2.5800432737451,3.68018644838594,0.3,0.85,1.1,3.74969193013385
11280,4,219,DEV,fear,78,0.566088341822872,0,1395,102.642667992739,1.39540556119755,1.69549565645866,2.54567130748183,3.94581573922187,0.3,0.85,1.4,4.01411771611311
11280,4,220,DEV,fear,79,0.487916617015327,0,1863,106.656892146915,1.86304600164294,2.16313553811051,3.01332040806301,4.01342489058152,0.3,0.85,1,4.08204338815995
11280,4,221,DEV,fear,74,0.703820786764243,0,746,110.739044766873,0.746626177337021,1.04671906633303,1.89688410121016,2.94699074886739,0.3,0.85,1.05,3.01576932263561
11280,4,222,DEV,fear,71,0.761243688876556,71,513,113.754920527572,0.513107112841681,0.813194693764672,1.66339241433889,3.06354019860737,0.3,0.85,1.4,3.13284761062823
11280,4,223,DEV,fear,72,0.636151215344881,72,1045,116.887881839648,1.04560635518283,1.34570036153309,2.19587489473633,3.34598196158186,0.3,0.85,1.15,3.41516505600885
11280,4,224,DEV,fear,74,0.621964241700774,74,1112,120.303153054323,1.1125383253675,1.41263065556996,2.26280239527114,3.26293788733892,0.3,0.85,1,3.33276016940363
11280,4,225,DEV,fear,72,0.611614910134201,0,1162,123.636025249027,1.16188509995118,1.46198916342109,2.31219358881935,3.6123342490755,0.3,0.85,1.3,3.68232638505287
11280,4,226,DEV,fear,79,0.53054917359947,0,1595,127.318458910333,1.59476553578861,1.89485479285941,2.74501116760075,4.09511879296042,0.3,0.85,1.35,4.1650131510105
11280,4,227,DEV,fear,80,0.409513040698039,0,2478,131.48357989639,2.47799343196675,2.77808296866715,3.62825610511936,4.92840151465498,0.3,0.85,1.3,4.99847047589719
11280,4,228,DEV,fear,73,0.661792546303607,0,928,136.482158486731,0.928271330427378,1.22837232099846,2.07853484153748,3.22866062587127,0.3,0.85,1.15,3.29901845054701
11280,4,229,DEV,fear,72,0.566274219258189,72,1394,139.781281699194,1.39458758034743,1.69467599946074,2.54483321215957,3.69494391046464,0.3,0.85,1.15,3.76552383066155
11280,4,230,DEV,fear,79,0.542268772943717,0,1527,143.546912805876,1.52766343206167,1.82775185117498,2.6779515275266,4.07809735601768,0.3,0.85,1.4,4.14878706657328
11280,4,231,DEV,fear,79,0.525162407453528,0,1627,147.695811618585,1.62736856215633,1.92746145115234,2.77762089879252,4.02772531146184,0.3,0.85,1.25,4.09864968876354
11280,4,232,DEV,fear,74,0.708354708669452,74,727,151.794570818311,0.727562022628263,1.02765519078821,1.87785654328763,3.12797213066369,0.3,0.85,1.25,3.19944378407672
11280,4,233,DEV,fear,69,0.732659012762749,69,627,154.994123275392,0.626967673422769,0.92709548282437,1.77729879086837,3.12741619395092,0.3,0.85,1.35,3.19901914917864
11280,4,234,DEV,fear,68,0.757684385163409,68,527,158.193248862633,0.526850200258195,0.826957616023719,1.67714416212402,3.0272554194089,0.3,0.85,1.35,3.0989505648613
11280,4,235,DEV,fear,77,0.669674701150414,77,893,161.292306144955,0.893316608853638,1.19341452629305,2.04357648827136,3.29372224700637,0.3,0.85,1.25,3.37354831420816
11280,4,236,DEV,fear,70,0.634651978016761,70,1052,164.665962014813,1.05203622230329,1.35216403193772,2.20237739710137,3.55253000021912,0.3,0.85,1.35,3.62481404747814
11280,4,237,DEV,fear,72,0.688982961706632,0,809,168.290881383,0.809126020176336,1.10922254086472,1.95938701694831,3.00950064882636,0.3,0.85,1.05,3.08175955316983
11280,4,238,DEV,fear,77,0.592120532144594,77,1259,171.372748212423,1.25943269324489,1.55952642019838,2.40968251554295,3.85978860431351,0.3,0.85,1.45,3.932388613699
11280,4,239,DEV,fear,75,0.560550063008059,75,1425,175.305244940333,1.42558733024634,1.72570033348165,2.5758645304013,4.07597976829857,0.3,0.85,1.5,4.14919801265933
11280,4,240,DEV,fear,75,0.569821450693566,0,1375,179.45455218479,1.37491636490449,1.67501400317997,2.52517317142338,3.52527793333866,0.3,0.85,1,3.59843080607243
11280,4,241,DEV,fear,79,0.520021730461573,79,1658,183.053089708323,1.65845826780424,1.95855758199468,2.80871647107415,3.95885566459037,0.3,0.85,1.15,4.03188030887395
11280,4,242,DEV,fear,67,0.888102658491836,67,42,187.085075896466,0.0423489578533918,0.342437097569928,1.19260827847756,2.24271995457821,0.3,0.85,1.05,2.31610106886365
11280,4,243,DEV,fear,69,0.681332190148839,69,842,189.401288711233,0.841775700682774,1.1418741766829,1.9920389323961,3.14214739599265,0.3,0.85,1.15,3.21588246547617
11280,4,244,DEV,fear,79,0.605705895218444,0,1191,192.61728012911,1.19129498302937,1.49140211963095,2.34157749102451,3.54171410063282,0.3,0.85,1.2,3.61552683380432
11280,4,245,DEV,fear,68,0.797029864969777,68,375,196.232917312067,0.374724161811173,0.674821241293103,1.52500247932039,2.57511834613979,0.3,0.85,1.05,2.64916155557148
11280,4,246,DEV,fear,74,0.771229291553659,74,474,198.882189496187,0.474550536368042,0.774641190422699,1.62481209193356,2.624957641121,0.3,0.85,1,2.7010078097228
11280,4,247,DEV,fear,76,0.737855545508938,76,606,201.583310727961,0.605825880076736,0.905919886659831,1.75608827383257,3.05620155646466,0.3,0.85,1.3,3.13061799760908
11280,4,248,DEV,fear,72,0.721144371892626,72,674,204.714040751103,0.674033431569114,0.97412883467041,1.82433661259711,3.22450032038614,0.3,0.85,1.4,3.30011523794383
11280,4,249,DEV,fear,73,0.663136905279768,73,922,208.014266059035,0.922646872699261,1.22274590749294,2.07291513308883,3.22302499343641,0.3,0.85,1.15,3.29810772021301
11280,4,250,DEV,fear,75,0.709312671443784,0,723,211.312482173089,0.723406466422603,1.02350522205234,1.87367388862185,2.92381070763804,0.3,0.85,1.05,2.9991658157669
11280,4,251,DEV,fear,76,0.512211866453147,76,1706,214.311761690304,1.70617215335369,2.00626308657229,2.85647198185325,4.35658610239625,0.3,0.85,1.5,4.43231220729649
11280,4,252,DEV,fear,76,0.552021196006934,76,1472,218.744180894457,1.47236869484186,1.77236869484186,2.62262969184667,4.02262969184667,0.3,0.85,1.4,4.04262969184667
11280,5,253,IEV,scram,23,0.894726998756891,23,422,5.00064343214035e-05,0.422097501112148,0.722225589910522,1.57243364723399,2.57259260583669,0.3,0.85,1,2.65159287001006
11280,5,254,IEV,scram,24,0.864776593411811,0,1052,2.65175490174443,1.05263937171549,1.35275014000945,2.2029528892599,3.55310102272779,0.3,0.85,1.35,3.63033067062497
11280,5,255,IEV,scram,37,0.80271842014152,37,1687,6.28219703887589,1.6874569253996,1.98756322381087,2.83777211909182,4.08792905253358,0.3,0.85,1.25,4.16486760205589
11280,5,256,IEV,scram,46,0.726160203441226,46,2221,10.4471752694808,2.22092752018943,2.521041640779,3.37125919642858,4.37140502501279,0.3,0.85,1,4.44860506011173
11280,5,257,IEV,scram,49,0.701317753470491,49,2370,14.8958915169351,2.37070996453986,2.67083162791096,3.52103521535173,4.72118160268292,0.3,0.85,1.2,4.79879398085177
11280,5,258,IEV,scram,37,0.816613963963939,37,1570,19.6947950087488,1.57050099945627,1.87061986932531,2.72084468835965,4.02099708211608,0.3,0.85,1.3,4.09880501590669
11280,5,259,IEV,scram,45,0.75738643755413,0,2020,23.7937151230872,2.02007517707534,2.32020661840215,3.17041299934499,4.52056169137359,0.3,0.85,1.35,4.5987816886045
11280,5,260,IEV,scram,23,0.887804361629173,23,637,28.3926085578278,0.636783166555688,0.936876334715635,1.78709249361418,3.23724663327448,0.3,0.85,1.45,3.31524285906926
11280,5,261,IEV,scram,60,0.659902167618005,0,2603,31.7079626042396,2.60303167020902,2.90316087659448,3.75338457804173,4.80353676225059,0.3,0.85,1.05,4.88181123579852
11280,5,262,IEV,scram,18,0.887159251591915,18,653,36.5898844685871,0.653503168607131,0.953639359213412,1.80386138451286,3.10400930838659,0.3,0.85,1.3,3.18244218174368
11280,5,263,IEV,scram,16,0.893455030450315,16,470,39.7724456598517,0.469954142346978,0.770090053556487,1.6203090059571,2.87048074556515,0.3,0.85,1.25,2.94931087619625
11280,5,264,IEV,scram,41,0.744979315316989,0,2102,42.7218769423198,2.10233926400542,2.40246595605277,3.25268546701409,4.65283967670985,0.3,0.85,1.4,4.76357414154336
11280,5,265,IEV,scram,23,0.847184303914279,23,1270,47.4855642267503,1.27068691677414,1.57079656771384,2.42101691686548,3.82119543128647,0.3,0.85,1.4,3.90104300971143
11280,5,266,IEV,scram,22,0.873679559528147,22,918,51.3867178650107,0.918353589484468,1.21847413550131,2.06868051667698,3.21882669441402,0.3,0.85,1.15,3.29837367590517
11280,5,267,IEV,scram,27,0.867102709743194,27,1019,54.6852010521106,1.01878311345354,1.31892042141408,2.16912289126776,3.61928401514888,0.3,0.85,1.45,3.6989262602292
11280,5,268,IEV,scram,24,0.880240500067364,24,802,58.3842401758302,0.801908901659772,1.1020244192332,1.95224393042736,3.10239401925355,0.3,0.85,1.15,3.1819868166931
11280,5,269,IEV,scram,21,0.881916918677895,21,769,61.566336782882,0.768780948594213,1.06892272620462,1.91915201512165,3.4193063643761,0.3,0.85,1.5,3.49935871758498
11280,5,270,IEV,scram,25,0.853172873960298,25,1201,65.0658128336072,1.20133983530104,1.50148105435073,2.3517072701361,3.55186539073475,0.3,0.85,1.2,3.63466418231837
11280,5,271,IEV,scram,39,0.805414238061527,39,1665,68.7006052443758,1.66522979876027,1.96536934166215,2.8155961164739,4.16574927838519,0.3,0.85,1.35,4.49526294553652
11280,5,272,IEV,scram,23,0.877541007796671,23,852,73.1959841265343,0.8519434730988,1.15207575261593,2.00231789215468,3.50249123829417,0.3,0.85,1.5,3.58358003594913
11280,5,273,IEV,scram,22,0.882015852297426,0,767,76.7796761877835,0.767107551451772,1.06725128483959,1.91748169111088,2.96763331652619,0.3,0.85,1.05,3.04871233645827
11280,5,274,IEV,scram,27,0.86369018530514,0,1067,79.8285050194245,1.06718032597564,1.36731120850891,2.2175505545456,3.217731583165,0.3,0.85,1,3.30272422893904
11280,5,275,IEV,scram,32,0.791034594873413,32,1779,83.1313426706474,1.77967143873684,2.07980092428625,2.93002825765871,3.98018267680891,0.3,0.85,1.05,4.06296498584561
11280,5,276,IEV,scram,37,0.779523610322977,37,1865,87.1944227549247,1.86528092250228,2.16543191927485,3.01564723998308,4.1157973986119,0.3,0.85,1.1,4.19802991719916
11280,5,277,IEV,scram,36,0.760487792225054,36,1999,91.3925641386304,1.99902753019705,2.29917349829338,3.14940083166584,4.64955490152352,0.3,0.85,1.5,4.73168126121163
11280,5,278,IEV,scram,57,0.684788311214851,57,2465,96.1243565871846,2.46552648441866,2.76566099887714,3.61588693526573,4.66603800212033,0.3,0.85,1.05,4.74821213306859
11280,5,279,IEV,scram,72,0.580518384057216,0,3015,100.872683259891,3.01546984328888,3.31559597677551,4.16581157664768,5.16596606560051,0.3,0.85,1,5.24869417771697
11280,5,280,IEV,scram,19,0.872816395592121,0,932,106.121490580495,0.932253959588706,1.23238679766655,2.08260714705102,3.13276156596839,0.3,0.85,1.05,3.39854646334425
11280,5,281,IEV,scram,16,0.894474502910144,16,432,109.520156891318,0.43264409317635,0.732763521606103,1.58298666449264,2.93315575039014,0.3,0.85,1.35,3.01603751326911
11280,5,282,IEV,scram,27,0.835040227888207,27,1398,112.53630559193,1.39849114906974,1.69862622208893,2.54884768859483,3.6490028758999,0.3,0.85,1.1,3.73220702633262
11280,5,283,IEV,scram,36,0.765442014180409,36,1965,116.268626040313,1.96482234494761,2.26496412255801,3.1151973225642,4.31534873857163,0.3,0.85,1.2,4.3989819935523
11280,5,284,IEV,scram,39,0.7993578899625,39,1714,120.667726484826,1.71432290971279,2.01445323345251,2.86467442079447,4.01482674456201,0.3,0.85,1.15,4.09820046951063
11280,5,285,IEV,scram,37,0.795045056233877,37,1748,124.766037024325,1.74796265992336,2.04808879340999,2.89830970135517,3.99846656480804,0.3,0.85,1.1,4.08191236574203
11280,5,286,IEV,scram,103,0.491952837300206,103,3447,128.848056386923,3.44737557438202,3.74749975209124,4.59771758713759,6.04786781570874,0.3,0.85,1.45,6.13138345815241
11280,5,287,IEV,scram,94,0.491952837300206,94,3447,134.979547959287,3.44734205049463,3.74748913617805,4.59770836797543,5.74786851392128,0.3,0.85,1.15,5.83198870252818
11280,5,288,IEV,scram,108,0.471297224928933,108,3546,140.811645614216,3.54649096447974,3.84662017086521,4.69683996145613,6.19702811376192,0.3,0.85,1.5,6.28531307750382
11280,5,289,IEV,scram,97,0.496325659427199,0,3426,147.097079097992,3.42581333662383,3.72596740652807,4.57622155896388,5.92637751437724,0.3,0.85,1.35,6.01131512527354
11280,5,290,IEV,scram,68,0.639579134746182,68,2712,153.108511556638,2.71259168419056,3.01274268096313,3.86297783651389,5.36313833179884,0.3,0.85,1.5,5.44796056486666
11280,5,291,IEV,scram,32,0.805657418014187,32,1663,158.556578280171,1.66311053489335,1.96321906824596,2.81345170969144,4.06361925881356,0.3,0.85,1.25,4.14846328226849
11280,5,292,IEV,scram,143,0.370898682126374,0,4029,162.70514911809,4.02892490522936,4.32906919741072,5.17933368636295,6.32948824507184,0.3,0.85,1.15,6.48436742648482
11280,5,293,IEV,scram,101,0.46858143778042,0,3559,169.189638347831,3.55916659790091,3.85930250911042,4.70953012187965,5.90968516957946,0.3,0.85,1.2,6.43721813801676
11280,5,294,IEV,scram,27,0.869274645681685,0,987,175.626972981263,0.987204518867657,1.28734769346192,2.13757614442147,3.58772721095011,0.3,0.85,1.45,3.67307688528672
11280,5,295,IEV,scram,65,0.639579134746182,0,2712,179.300159657141,2.71236316347495,3.01251276349649,3.86273758253083,5.01288823015057,0.3,0.85,1.15,5.90442276885733
11280,5,296,IEV,scram,28,0.818203389123612,28,1556,185.204693892738,1.55616481974721,1.85627782298252,2.70649230550043,4.15666153095663,0.3,0.85,1.45,4.24336277367547
11280,5,297,IEV,scram,32,0.833731709784166,0,1411,189.448169529904,1.41134753148071,1.71149405860342,2.56171999522485,3.56187448394485,0.3,0.85,1,3.64792480599135
11280,5,298,IEV,scram,29,0.813736540686244,29,1595,193.096210551914,1.59538013907149,1.89549649460241,2.74571768194437,3.94587049470283,0.3,0.85,1.2,4.03227644856088
11280,5,299,IEV,scram,30,0.815698645235715,30,1578,197.128596232273,1.57833411777392,1.87847338127904,2.72869596537203,3.87885024491698,0.3,0.85,1.15,3.96584118925966
11280,5,300,IEV,scram,36,0.813852599751765,36,1594,201.094548329478,1.5945582468994,1.89470505318604,2.74493601825088,4.1450930214487,0.3,0.85,1.4,4.23198451194912
11280,5,301,IEV,scram,145,0.37130889271534,0,4027,205.32664402877,4.02682687318884,4.32697060657665,5.17719430825673,6.52734523522668,0.3,0.85,1.35,6.61515304306522
11280,5,302,IEV,scram,29,0.848076421897671,0,1260,211.941910214722,1.26025486481376,1.56039636326022,2.41062369663268,3.41077762679197,0.3,0.85,1,3.49864968890324
11280,5,303,IEV,scram,43,0.74636387016177,43,2093,215.440673046513,2.09340181481093,2.39354024035856,3.24376645614393,4.64391591656022,0.3,0.85,1.4,4.73249812470749
11280,5,304,IEV,scram,57,0.688837088121498,57,2442,220.173282917123,2.44245874835178,2.74256532615982,3.59276248794049,5.09290901501663,0.3,0.85,1.5,5.18070369283669
11280,5,305,IEV,scram,64,0.655660444388234,64,2626,225.35409416561,2.62654164130799,2.92663229536265,3.77684174943715,5.22699337475933,0.3,0.85,1.45,5.31612872588448
11280,5,306,IEV,scram,67,0.630841526934923,67,2758,230.670333240647,2.75851679476909,3.05865577887744,3.90885238209739,5.25899967737496,0.3,0.85,1.35,5.34764949185774
11280,5,307,IEV,scram,67,0.630650574509609,0,2759,236.018095316598,2.75898975972086,3.05908907414414,3.90930188051425,5.10944882663898,0.3,0.85,1.2,5.19880096497945
11280,5,308,IEV,scram,27,0.832307079849084,27,1425,241.217006071936,1.42552195885219,1.7256349620875,2.57585112075321,3.57597013027407,0.3,0.85,1,3.66423889063299
11280,5,309,IEV,scram,40,0.753953824036166,0,2043,244.881352238823,2.04310491983779,2.34325284371153,3.19347822153941,4.19362600566819,0.3,0.85,1,4.31746437051333
11280,5,310,IEV,scram,22,0.879926742906661,22,808,249.198926399928,0.807887594448403,1.10800311202183,1.95821815333329,3.30836684536189,0.3,0.85,1.35,3.39710549800657
11280,5,311,IEV,scram,31,0.851048224383894,31,1226,252.596138894791,1.22598738106899,1.52608781284653,2.37630145717412,3.72645210498013,0.3,0.85,1.35,3.81557572260499
11280,5,312,IEV,scram,20,0.890094783079348,20,576,256.4118232904,0.575942752417177,0.876032847678289,1.72623867006041,3.17638861923479,0.3,0.85,1.45,3.26541110663675
11280,5,313,IEV,scram,18,0.88322696006114,0,742,259.677340555703,0.742659472161904,1.04275738960132,1.89293415797874,3.14307824056596,0.3,0.85,1.25,3.23228846141137
11280,5,314,IEV,scram,29,0.864271868988484,0,1059,262.909735734574,1.05906504881568,1.3591568202246,2.20931040123105,3.55945294722915,0.3,0.85,1.35,3.64907048246823
11280,5,315,IEV,scram,25,0.830555645014093,25,1442,266.558928858256,1.44187990366481,1.74187990366481,2.59214676730335,3.69214676730335,0.3,0.85,1.1,3.71214676730335
11280,6,316,DEV,happy,70,0.746335703534757,70,572,4.94476407766342e-05,0.572047285269946,0.872157495003194,1.72231973614544,2.92246277118102,0.3,0.85,1.2,3.01325168414041
11280,6,317,DEV,happy,80,0.592514686516081,0,1257,3.01340729068033,1.2574556262698,1.5575448833406,2.40770014049485,3.75784436287358,0.3,0.85,1.35,3.84845979022793
11280,6,318,DEV,happy,76,0.443132784760996,0,2190,6.86197631270625,2.19065104634501,2.49074644967914,3.34091679239646,4.59103629086167,0.3,0.85,1.25,4.68229788984172
11280,6,319,DEV,happy,80,0.35456953898574,0,3056,11.5443834343459,3.05642141657881,3.35651765787043,4.20668381033465,5.55679814051837,0.3,0.85,1.35,5.64790357416496
11280,6,320,DEV,happy,67,0.762773215279678,67,507,17.1923926086165,0.507384877186269,0.807472737506032,1.65767185483128,2.85778276296332,0.3,0.85,1.2,2.9491309649311
11280,6,321,DEV,happy,70,0.788620723885857,70,407,20.1416300116107,0.407212369143963,0.707316432613879,1.55750242015347,2.90764245181344,0.3,0.85,1.35,2.99900099029765
11280,6,322,DEV,happy,76,0.721387683981885,76,673,23.1407382781617,0.673703501466662,0.973791361786425,1.82396170473658,2.87407785071991,0.3,0.85,1.05,2.96577274496667
11280,6,323,DEV,happy,73,0.693425982063916,0,790,26.1066194167361,0.790141763864085,1.0902396813035,1.94043907825835,3.24058560514823,0.3,0.85,1.3,3.33241152158007
11280,6,324,DEV,happy,74,0.741835987718466,74,590,29.4391365384217,0.589923300314695,0.890014512930065,1.74018764938228,2.99032139545307,0.3,0.85,1.25,3.08275800407864
11280,6,325,DEV,happy,72,0.678111889900035,0,856,32.522002936108,0.855952083365992,1.15605838177726,2.00621503568254,3.25633118185215,0.3,0.85,1.25,3.34877533325925
11280,6,326,DEV,happy,70,0.763028375264751,70,506,35.8708886185195,0.506084153195843,0.806186819914728,1.65640521352179,2.80655362620018,0.3,0.85,1.15,2.89898716192693
11280,6,327,DEV,happy,74,0.742085370178016,74,589,38.7699861295987,0.589334957301617,0.889421979663894,1.73957919236273,2.73969205585308,0.3,0.85,1,2.83245133096352
11280,6,328,DEV,happy,76,0.737855545508938,76,606,41.6025452956092,0.60583845153451,0.905966261168942,1.75618465477601,2.8063002419658,0.3,0.85,1.05,2.89913885691203
11280,6,329,DEV,happy,73,0.780277562873098,73,439,44.5017897526268,0.439031217712909,0.739126900210977,1.5893098146189,2.63941506529227,0.3,0.85,1.05,2.73259394709021
11280,6,330,DEV,happy,74,0.771744139540164,74,472,47.2344915345311,0.472106371074915,0.772195348981768,1.62240117113106,2.87253519659862,0.3,0.85,1.25,2.9746520856861
11280,6,331,DEV,happy,74,0.782877634630957,0,429,50.2092528520152,0.429691483033821,0.729789679870009,1.57997007993981,3.03010829584673,0.3,0.85,1.45,3.12370119662955
11280,6,332,DEV,happy,70,0.674678505111789,0,871,53.3330607661046,0.871382536133751,1.17147765983827,2.02163850446232,3.32175318384543,0.3,0.85,1.3,3.41565254796296
11280,6,333,DEV,happy,73,0.558355349227895,73,1437,56.748821987072,1.43764305254444,1.73774907155894,2.58796914154664,3.73808822082356,0.3,0.85,1.15,3.83221917878836
11280,6,334,DEV,happy,76,0.573776494169521,76,1354,60.581149559468,1.35408494668081,1.65417811484076,2.50437667360529,3.95450064190663,0.3,0.85,1.45,4.048742787214
11280,6,335,DEV,happy,80,0.552380459179596,0,1470,64.6299982259516,1.47053019329906,1.77066386933438,2.62086354568601,3.92101119016297,0.3,0.85,1.3,4.01598862442188
11280,6,336,DEV,happy,81,0.546494197991212,81,1503,68.6460997138638,1.50311980978586,1.80321493372321,2.65339673054405,3.75352062890306,0.3,0.85,1.1,3.84815360605717
11280,6,337,DEV,happy,78,0.460978804514342,0,2053,72.494358361233,2.05339700984769,2.35349548608065,3.2036675051786,4.45377443218604,0.3,0.85,1.25,4.54887450789101
11280,6,338,DEV,happy,73,0.546494197991212,0,1503,77.0433409833349,1.50309522566386,1.80321241938509,2.65338136558421,3.90352656552568,0.3,0.85,1.25,3.99898003786802
11280,6,339,DEV,happy,73,0.63443812457811,0,1053,81.0424310911912,1.05283967638388,1.35294262249954,2.2031392257195,3.25325984158553,0.3,0.85,1.05,3.34873957443051
11280,6,340,DEV,happy,83,0.353474867662073,0,3069,84.3912790592294,3.06889702472836,3.36902567232028,4.21922395168804,5.51937047857791,0.3,0.85,1.3,5.61503598932177
11280,6,341,DEV,happy,85,0.386533600077887,0,2702,90.0064223245718,2.70202246378176,3.00214021629654,3.85233262903057,5.2524488447234,0.3,0.85,1.4,5.34847333957441
11280,6,342,DEV,happy,85,0.290729427541211,85,3868,95.3550057339016,3.86796590080485,4.1680565548595,5.0182210309431,6.11836420558393,0.3,0.85,1.1,6.21469628135674
11280,6,343,DEV,happy,79,0.312642418434847,79,3584,101.569809570909,3.58454552176408,3.88464399799705,4.73482048674487,5.9849240614567,0.3,0.85,1.25,6.0813326833304
11280,6,344,DEV,happy,76,0.600266312170329,76,1218,107.651249809656,1.21854872629046,1.51864133565687,2.36881670728326,3.6689311072696,0.3,0.85,1.3,3.76600797032006
11280,6,345,DEV,happy,70,0.664034726186139,70,918,111.417366452981,0.917964154621586,1.21805536746979,2.06825671973638,3.06837321515195,0.3,0.85,1,3.16520088445395
11280,6,346,DEV,happy,71,0.671489876886338,71,885,114.582674613688,0.884961077477783,1.18507324252278,2.03523296955973,3.38534310925752,0.3,0.85,1.35,3.48262893757783
11280,6,347,DEV,happy,75,0.642187705787585,0,1017,118.06541138608,1.01769414823502,1.31783313234337,2.16800459288061,3.31814965303056,0.3,0.85,1.15,3.41537430044264
11280,6,348,DEV,happy,70,0.690850332905227,70,801,121.480892683379,0.801149028586224,1.1012405208312,1.95144019694999,3.40156193030998,0.3,0.85,1.45,3.49901733314618
11280,6,349,DEV,happy,79,0.667864553517299,79,901,124.980018410133,0.900851644575596,1.20099090808071,2.05121097806841,3.20132754300721,0.3,0.85,1.15,3.29963892069645
11280,6,350,DEV,happy,79,0.675821016012171,79,866,128.27976935613,0.866678865626454,1.16678181174211,2.01695047831163,3.36708799586631,0.3,0.85,1.35,3.46563404006884
11280,6,351,DEV,happy,79,0.645883505816068,79,1000,131.745522405719,0.999760304810479,1.29985151742585,2.150046444498,3.40015812078491,0.3,0.85,1.25,3.49864354287274
11280,6,352,DEV,happy,69,0.695069850497993,69,783,135.244275180157,0.783259045565501,1.08335724240169,1.93352004233748,3.03365008695982,0.3,0.85,1.1,3.1427357387729
11280,6,353,DEV,happy,75,0.709312671443784,75,723,138.387120430125,0.722734313923866,1.02283111400902,1.8729872093536,3.22309706965461,0.3,0.85,1.35,3.3218436979223
11280,6,354,DEV,happy,76,0.72309292459445,76,666,141.709074198036,0.666368211619556,0.966463894117624,1.81661663693376,3.01674989424646,0.3,0.85,1.2,3.13459001062438
11280,6,355,DEV,happy,70,0.769686356972202,70,480,144.84377176431,0.480707464274019,0.78079867688939,1.63097879756242,2.73109990241937,0.3,0.85,1.1,2.8301239402499
11280,6,356,DEV,happy,74,0.752118515710099,74,549,147.674005215755,0.549519841326401,0.849626139737666,1.6998448127415,2.84995886357501,0.3,0.85,1.15,2.94918879354373
11280,6,357,DEV,happy,72,0.687353048032034,0,816,150.623302682303,0.81584195769392,1.11594350682572,1.96609373553656,3.46623299899511,0.3,0.85,1.5,3.5660311577376
11280,6,358,DEV,happy,70,0.70334511256809,0,748,154.189443071606,0.748535917373374,1.0486268508248,1.89880725066178,3.19895098404959,0.3,0.85,1.3,3.29869466670789
11280,6,359,DEV,happy,74,0.574913148950047,74,1348,157.488245852524,1.34852194902487,1.64860980934463,2.49878126964904,3.59890181571245,0.3,0.85,1.1,3.69890195550397
11280,6,360,DEV,happy,74,0.470879010038022,0,1981,161.187263185624,1.98134343908168,2.28148298175074,3.1316918770317,4.48183693736792,0.3,0.85,1.35,4.58203067723662
11280,6,361,DEV,happy,79,0.382203638589058,0,2747,165.769402815262,2.74744387902319,3.04754486936145,3.89773728209548,5.19784805038944,0.3,0.85,1.3,5.29872036795132
11280,6,362,DEV,happy,80,0.578340835338874,0,1330,171.068237443687,1.33066576882266,1.63076033396646,2.48090860713273,3.93104235315695,0.3,0.85,1.45,4.03136236593127
11280,6,363,DEV,happy,80,0.349720123958118,0,3114,175.099706527079,3.11395973502658,3.41408503032289,4.26430789381266,5.61444792547263,0.3,0.85,1.35,5.71524341776967
11280,6,364,DEV,happy,80,0.277877824103581,0,4030,180.815059735207,4.0297272419557,4.32981091178954,5.17997147678398,6.58011954044923,0.3,0.85,1.4,6.68095386424102
11280,6,365,DEV,happy,75,0.71147246288048,75,714,187.496126183774,0.714241055771708,1.01436495408416,1.86455038259737,2.86465933499858,0.3,0.85,1,2.96590460510924
11280,6,366,DEV,happy,74,0.715568539567413,74,697,190.462139182491,0.697302310727537,0.997403301298618,1.84756917436607,3.04767253948376,0.3,0.85,1.2,3.14922594907694
11280,6,367,DEV,happy,72,0.707637023325476,72,730,193.611473246012,0.730229400563985,1.03032368631102,1.8805015720427,3.23064523562789,0.3,0.85,1.35,3.33238637866452
11280,6,368,DEV,happy,70,0.684104552635464,70,830,196.943967180327,0.829935089452192,1.13002853700891,1.98022821336053,3.28033870225772,0.3,0.85,1.3,3.38237625150941
11280,6,369,DEV,happy,75,0.676507459429051,75,863,200.326452663634,0.86300549376756,1.16310424939729,2.01327515090816,3.16337914462201,0.3,0.85,1.15,3.26556028774939
11280,6,370,DEV,happy,75,0.646756477918208,75,996,203.592121344991,0.996221586829051,1.29633207572624,2.14650381542742,3.59661325672641,0.3,0.85,1.45,3.69914723816328
11280,6,371,DEV,happy,73,0.668995306061806,73,896,207.29137865291,0.895769155118614,1.19589025969617,2.04610781534575,3.44622905994765,0.3,0.85,1.4,3.56318945554085
11280,6,372,DEV,happy,77,0.664933811110531,77,914,210.854682927718,0.91461177309975,1.21471611596644,2.06488701771013,3.56501259235665,0.3,0.85,1.5,3.66890624351799
11280,6,373,DEV,happy,73,0.654449609365651,0,961,214.523705387255,0.961059017106891,1.26115861092694,2.11137393140234,3.16149845859036,0.3,0.85,1.05,3.26464424934238
11280,6,374,DEV,happy,70,0.64697492142481,70,995,217.78845998575,0.995208050357178,1.29529982176609,2.1454757519532,3.24559154873714,0.3,0.85,1.1,3.34897368261591
11280,6,375,DEV,happy,85,0.331213999181485,85,3344,221.137541782577,3.34426610078663,3.6443944692146,4.49456257699057,5.99470966286026,0.3,0.85,1.5,6.09845999977551
11280,6,376,DEV,happy,88,0.341871645198295,88,3210,227.236111572944,3.21039685211144,3.51049672509544,4.36064835055731,5.41075360123068,0.3,0.85,1.05,5.51613151933998
11280,6,377,DEV,happy,84,0.347409402530257,0,3142,232.752353441669,3.14239547192119,3.442490037065,4.29264892591164,5.4927542465739,0.3,0.85,1.2,5.597080913838
11280,6,378,DEV,happy,76,0.601871811261014,76,1210,238.34954638104,1.21062649018131,1.51062649018131,2.36090396950021,3.81090396950021,0.3,0.85,1.45,3.83090396950021
11280,7,379,IEV,fear,18,0.880083967078213,18,805,4.91682440042496e-05,0.805309892632067,1.10541702923365,1.95557591808029,3.20569346100092,0.3,0.85,1.25,3.31061908695847
11280,7,380,IEV,fear,28,0.853841942542918,0,1193,3.31077888375148,1.1933446850162,1.49343841196969,2.34360428503715,3.69371330714785,0.3,0.85,1.35,3.79943931428716
11280,7,381,IEV,fear,23,0.876176337601642,23,876,7.11032994417474,0.875978650758043,1.17607796518132,2.02623825077899,3.02635027631186,0.3,0.85,1,3.13162818178535
11280,7,382,IEV,fear,23,0.882359729565823,0,760,10.2420679163188,0.759916414041072,1.06001377268694,1.91017741081305,3.06031436962076,0.3,0.85,1.15,3.16614877036773
11280,7,383,IEV,fear,33,0.806142828905337,33,1659,13.4083281534258,1.65899409004487,1.95908390590921,2.80924698524177,3.80938722658902,0.3,0.85,1,3.91483023669571
11280,7,384,IEV,fear,30,0.804071100290731,30,1676,17.3232662251685,1.67611665721051,1.97621401608922,2.82636815565638,3.97647298732772,0.3,0.85,1.15,4.08288455661386
11280,7,385,IEV,fear,49,0.717315900796755,49,2275,21.4062636452727,2.27487851097248,2.57496553333476,3.42516912054271,4.6753168348223,0.3,0.85,1.25,4.78128141979687
11280,7,386,IEV,fear,65,0.643349201028188,65,2692,26.1876540174708,2.69178345287219,2.99187270994298,3.84205366880633,5.34219824033789,0.3,0.85,1.5,5.44912104750983
11280,7,387,IEV,fear,57,0.64990318887208,0,2657,31.6368890458252,2.65744445170276,2.95754041383043,3.80774064874277,4.85784645820968,0.3,0.85,1.05,4.96416583680548
11280,7,388,IEV,fear,18,0.88240855166673,18,759,36.6011618794873,0.758823258336633,1.05893430579454,1.90911722020246,3.35922777885571,0.3,0.85,1.45,3.46679508150555
11280,7,389,IEV,fear,20,0.858142232131616,20,1140,40.0680656339973,1.140646367101,1.44075070996769,2.29089786554687,3.79100416391157,0.3,0.85,1.5,3.89794457121752
11280,7,390,IEV,fear,27,0.82719488452912,27,1474,43.9661185988225,1.4745457873214,1.7746350443922,2.62480119685642,4.12494381261058,0.3,0.85,1.5,4.23224543896504
11280,7,391,IEV,fear,43,0.739072563956863,43,2140,48.1984741077758,2.14061563671567,2.44071159884334,3.2908702082932,4.39097734470852,0.3,0.85,1.1,4.49869997426867
11280,7,392,IEV,fear,55,0.689187763014024,55,2440,52.6972847108264,2.44019058276899,2.74029045575298,3.59047560510226,4.59061556705274,0.3,0.85,1,4.69824963784777
11280,7,393,IEV,fear,56,0.686199909820594,0,2457,57.3956458151806,2.45694215339608,2.75703001371585,3.60719895968214,4.85734388045967,0.3,0.85,1.25,4.96520479558967
11280,7,394,IEV,fear,61,0.643725221517751,61,2690,62.3609595631715,2.68994076061063,2.99006437975913,3.84023304656148,5.09036595444195,0.3,0.85,1.25,5.19909262214787
11280,7,395,IEV,fear,76,0.575706195000711,0,3039,67.5601622553077,3.03889935719781,3.33898805570789,4.1891533699818,5.38926483667456,0.3,0.85,1.2,5.51955569768324
11280,7,396,IEV,fear,33,0.815008783913803,33,1584,73.079831095878,1.58454133127816,1.88463310268708,2.734828309156,4.13497329968959,0.3,0.85,1.4,4.24451319919899
11280,7,397,IEV,fear,32,0.802594976806713,32,1688,77.3244546442293,1.68849476682954,1.98858989076689,2.83874766225927,4.08885179553181,0.3,0.85,1.25,4.19767484418117
11280,7,398,IEV,fear,32,0.810572725219688,32,1622,81.5222387202084,1.62269059335813,1.92279353947379,2.77296136808582,3.82310461252928,0.3,0.85,1.05,3.934920220403
11280,7,399,IEV,fear,41,0.769601485772674,41,1936,85.4572732008528,1.93625446804799,2.23635322367772,3.08652496337891,4.28663698886521,0.3,0.85,1.2,4.39575839950703
11280,7,400,IEV,fear,39,0.78534939646916,39,1822,89.853146139998,1.82231121556833,2.12239935528487,2.97261188225821,4.47274192678742,0.3,0.85,1.5,4.58260253746994
11280,7,401,IEV,fear,38,0.785483213920545,38,1821,94.4358595854137,1.82140998379327,2.12152159004472,2.97172378050163,3.97184753930196,0.3,0.85,1,4.0826091025956
11280,7,402,IEV,fear,39,0.79220656773704,39,1770,98.5185779198073,1.77070940565318,2.07080899947323,2.92096872651018,4.27107048523612,0.3,0.85,1.35,4.38159011816606
11280,7,403,IEV,fear,33,0.794274637806306,33,1754,102.900278387358,1.75423664180562,2.05432617827319,2.90451887040399,4.35465848306194,0.3,0.85,1.45,4.46530103683472
11280,7,404,IEV,fear,43,0.78333302233974,0,1837,107.365688935388,1.83733994117938,2.13743841741234,2.98762915376574,4.38777051260695,0.3,0.85,1.4,4.51046683290042
11280,7,405,IEV,fear,40,0.795812682002412,40,1742,111.876267793821,1.74196720519103,2.04205618309788,2.89221507194452,4.34236222761683,0.3,0.85,1.45,4.45329113048501
11280,7,406,IEV,fear,25,0.842600547301561,25,1320,116.32966703875,1.32058599614538,1.62067720876075,2.47083749459125,3.8209593675565,0.3,0.85,1.35,3.9325017563533
11280,7,407,IEV,fear,40,0.781163450695485,0,1853,120.26227663015,1.85316569567658,2.15325970202684,3.00341551774181,4.10355589888059,0.3,0.85,1.1,4.21527791931294
11280,7,408,IEV,fear,59,0.681066158631444,0,2486,124.477668530541,2.48618385847658,2.7863018901553,3.63647335045971,4.83657895051874,0.3,0.85,1.2,4.94789924402721
11280,7,409,IEV,fear,23,0.853004787457277,23,1203,129.425679241307,1.20363146718591,1.50372240040451,2.35389106720686,3.80403598770499,0.3,0.85,1.45,3.91564961476251
11280,7,410,IEV,fear,15,0.893455030450315,15,470,133.341439484619,0.470163945341483,0.770252643851563,1.62043723440729,3.12058152630925,0.3,0.85,1.5,3.23257592786103
11280,7,411,IEV,fear,25,0.871492518015933,25,953,136.574126879219,0.953023638576269,1.25316653377376,2.10335782892071,3.10346454638056,0.3,0.85,1,3.21553409728222
11280,7,412,IEV,fear,27,0.855817703964893,27,1169,139.789771046257,1.16947628813796,1.46956526604481,2.31972862477414,3.31983757717535,0.3,0.85,1,3.43216581991874
11280,7,413,IEV,fear,20,0.891997660292316,20,519,143.222045259783,0.519618554972112,0.819712281925604,1.66988765331917,2.87003292329609,0.3,0.85,1.2,2.98347471538
11280,7,414,IEV,fear,32,0.842787838756392,32,1318,146.205633397447,1.31812814204022,1.6182168405503,2.46839193254709,3.76851191977039,0.3,0.85,1.3,3.88126032776199
11280,7,415,IEV,fear,34,0.796704710259751,34,1735,150.087003795197,1.73533591558225,2.03542517265305,2.88558126799762,3.9856898013968,0.3,0.85,1.1,4.09863488236442
11280,7,416,IEV,fear,31,0.800858518348358,0,1702,154.185747629963,1.70198279386386,2.00209076842293,2.85229267948307,4.15244479384273,0.3,0.85,1.3,4.26608381792903
11280,7,417,IEV,fear,68,0.609790432666112,68,2867,158.451944311382,2.86727866251022,3.16737881489098,4.01753965928219,5.36764532909729,0.3,0.85,1.35,5.48075579432771
11280,7,418,IEV,fear,68,0.596629491171269,68,2934,163.932808499318,2.93458246788941,3.23470413149334,4.08492308389395,5.28507254412398,0.3,0.85,1.2,5.39885572041385
11280,7,419,IEV,fear,70,0.599983700593218,0,2917,169.331774010323,2.91717383079231,3.21727510052733,4.06742421165109,5.11752834520303,0.3,0.85,1.05,5.23137968662195
11280,7,420,IEV,fear,69,0.5867087601166,69,2984,174.563266001642,2.98395019466989,3.284040289931,4.13422041060403,5.43436302663758,0.3,0.85,1.3,5.54837053315714
11280,7,421,IEV,fear,79,0.563403026958657,0,3100,180.111746045994,3.10027084429748,3.40036345389672,4.2505351935979,5.35064707929268,0.3,0.85,1.1,5.46487807808444
11280,7,422,IEV,fear,70,0.616406736700422,70,2833,185.576738384319,2.83360650576651,3.13370358524844,3.98387029627338,5.03401270275936,0.3,0.85,1.05,5.14867559983395
11280,7,423,IEV,fear,65,0.616406736700422,0,2833,190.725523495348,2.83309023897164,3.13317921687849,3.98335207393393,5.03346514701843,0.3,0.85,1.05,5.14824984734878
11280,7,424,IEV,fear,17,0.876693356651078,17,867,195.873883133056,0.867120541865006,1.16724471980706,2.01746255462058,3.01758184353821,0.3,0.85,1,3.1329867343884
11280,7,425,IEV,fear,27,0.839847927161204,27,1349,199.006980495993,1.34940083185211,1.64949595555663,2.49966573971324,3.94978020968847,0.3,0.85,1.45,4.06482890993357
11280,7,426,IEV,fear,32,0.841375149284306,32,1333,203.071920872666,1.3331353564281,1.63322684867308,2.48343518516049,3.58354623266496,0.3,0.85,1.1,3.69945146655664
11280,7,427,IEV,fear,36,0.824511311983872,36,1499,206.77148548211,1.49895894574001,1.79905909812078,2.64923614589497,3.79934963793494,0.3,0.85,1.15,3.91469614137895
11280,7,428,IEV,fear,31,0.815123961395776,31,1583,210.686290017329,1.58283552783541,1.8829337246716,2.7330940105021,4.1832084802445,0.3,0.85,1.45,4.29942185385153
11280,7,429,IEV,fear,33,0.809386183601004,33,1632,214.985819705995,1.63188170571811,1.9319860485848,2.7821980167646,3.98232037876733,0.3,0.85,1.2,4.09849436185323
11280,7,430,IEV,fear,35,0.792854964826894,35,1765,219.084423299646,1.7652182050515,2.06530857970938,2.91546942410059,4.41561734792776,0.3,0.85,1.5,4.5319676103536
11280,7,431,IEV,fear,37,0.788539977829818,37,1798,223.616501538549,1.79835481895134,2.09844379662536,2.94860547920689,4.34874907275662,0.3,0.85,1.4,4.46522672567517
11280,7,432,IEV,fear,34,0.781843518037921,34,1848,228.081838054815,1.84815192990936,2.14824481890537,2.99840538389981,4.49851112370379,0.3,0.85,1.5,4.61541117657907
11280,7,433,IEV,fear,28,0.815354075683659,28,1581,232.697363491636,1.58120263903402,1.88130390876904,2.73151699453592,4.23165178811178,0.3,0.85,1.5,4.34851887612604
11280,7,434,IEV,fear,23,0.853424389146346,23,1198,237.045994672459,1.19793353625573,1.49803508538753,2.34820738388225,3.44832625379786,0.3,0.85,1.1,3.56563641456887
11280,7,435,IEV,fear,25,0.850617143915989,25,1231,240.611741436413,1.23100142600015,1.53109068330377,2.3812523658853,3.73136166739278,0.3,0.85,1.35,3.84967363160104
11280,7,436,IEV,fear,23,0.883791548103096,23,730,244.461525138002,0.7301229625009,1.03022702597082,1.88038088637404,3.23051952128299,0.3,0.85,1.35,3.34846719331108
11280,7,437,IEV,fear,21,0.87398407742558,21,913,247.810101563111,0.913718363735825,1.21381600177847,2.06397908111103,3.36409208434634,0.3,0.85,1.3,3.48203416913748
11280,7,438,IEV,fear,22,0.853508063672733,22,1197,251.292245802237,1.19713958050124,1.49729197425768,2.34747181553394,3.74761652667075,0.3,0.85,1.4,3.8657703702338
11280,7,439,IEV,fear,41,0.743279553941524,41,2113,255.158125962829,2.11289256042801,2.41302958899178,3.26321473834105,4.66333318897523,0.3,0.85,1.4,4.78209940087982
11280,7,440,IEV,fear,48,0.691112456664218,48,2429,259.940334595507,2.42945458157919,2.72955389576964,3.57972535630688,4.5798348672688,0.3,0.85,1,4.69893771409988
11280,7,441,IEV,fear,62,0.661371487030563,0,2595,264.639382379595,2.59514212002978,2.89514212002978,3.74547854531556,4.74547854531556,0.3,0.85,1,4.76547854531556
11280,8,442,DEV,scram,70,0.701682631307725,70,755,4.60953451693058e-05,0.755354102235287,1.05550984828733,1.90570421656594,2.95585612137802,0.3,0.85,1.05,3.07503104442731
11280,8,443,DEV,scram,72,0.740341185014582,72,596,3.07518581277691,0.595908697927371,0.896004939218983,1.74621746619232,2.89636392332613,0.3,0.85,1.15,3.01563606550917
11280,8,444,DEV,scram,76,0.732165759769062,76,629,6.09092971310019,0.629163483157754,0.92926140059717,1.7794415212702,2.8795480991248,0.3,0.85,1.1,2.99909541592933
11280,8,445,DEV,scram,76,0.765583718457853,76,496,9.0901324050501,0.496279555140063,0.796411275863647,1.6465832949616,2.84669224731624,0.3,0.85,1.2,2.9674637420103
11280,8,446,DEV,scram,73,0.740839168170396,73,594,12.0577042612713,0.593769599217921,0.893865561112761,1.74402361200191,2.79415735811926,0.3,0.85,1.05,2.91445840196684
11280,8,447,DEV,scram,75,0.732412350178737,75,628,14.9722713362426,0.628232079790905,0.928357375087216,1.77853302587755,2.9786408606451,0.3,0.85,1.2,3.09910784754902
11280,8,448,DEV,scram,69,0.712193737074396,69,711,18.0714895329438,0.711300179129466,1.01140172849409,1.86156648397446,2.86167124588974,0.3,0.85,1,2.98238267702982
11280,8,449,DEV,scram,67,0.749096773403937,67,561,21.0539817211684,0.56120708072558,0.861311702989042,1.71147562051192,2.86159274424426,0.3,0.85,1.15,2.98268746444955
11280,8,450,DEV,scram,76,0.749096773403937,76,561,24.0367800935637,0.560906484024599,0.861060553928837,1.71128593152389,3.21143078245223,0.3,0.85,1.5,3.3326503788121
11280,8,451,DEV,scram,71,0.800993988570024,71,360,27.369543615263,0.360314509132877,0.660418293438852,1.51059785531834,2.71073865541257,0.3,0.85,1.2,2.83190181991085
11280,8,452,DEV,scram,71,0.728475584908141,71,644,30.2015538287815,0.643934913445264,0.944033389678225,1.79424843098968,2.99439509771764,0.3,0.85,1.2,3.11655475758016
11280,8,453,DEV,scram,76,0.732905747490951,76,626,33.3182189357467,0.626251939684153,0.926338403252885,1.77654785732739,3.17668977472931,0.3,0.85,1.4,3.29839323158376
11280,8,454,DEV,scram,74,0.724557417949105,74,660,36.6167295004707,0.659991982392967,0.960090458625928,1.81026666797698,3.11037520132959,0.3,0.85,1.3,3.23241026443429
11280,8,455,DEV,scram,70,0.712434310880123,70,710,39.8492523492314,0.70970863616094,1.00980180432089,1.85994895990007,3.11005393136293,0.3,0.85,1.25,3.2322342642583
11280,8,456,DEV,scram,68,0.745333788349223,68,576,43.08159947698,0.576358447782695,0.876455247867852,1.72665185108781,3.12678371137008,0.3,0.85,1.4,3.25013709859923
11280,8,457,DEV,scram,74,0.64414141358022,74,1008,46.3318486008793,1.00823708041571,1.30832801386714,2.1584910931997,3.25859236298129,0.3,0.85,1.1,3.38108167378232
11280,8,458,DEV,scram,75,0.619045872941676,0,1126,49.7130403446499,1.12587493658066,1.42597006028518,2.27613844769076,3.42624355875887,0.3,0.85,1.15,3.54893401241861
11280,8,459,DEV,scram,76,0.728966665943923,0,642,53.2620841476601,0.642483890987933,0.94257091335021,1.79277924983762,3.14292458957061,0.3,0.85,1.35,3.26633440842852
11280,8,460,DEV,scram,83,0.520021730461573,83,1658,56.5285314195789,1.6579758040607,1.95806673751213,2.80822311202064,4.15833520726301,0.3,0.85,1.35,4.29523472953588
11280,8,461,DEV,scram,76,0.473694911256118,0,1961,60.8238784538116,1.96111656655557,2.26122342376038,3.1113999125082,4.46155083971098,0.3,0.85,1.35,4.58497462677769
11280,8,462,DEV,scram,74,0.792817128794322,74,391,65.4089625915512,0.391699783271179,0.691795745166019,1.54199933237396,2.59211966884322,0.3,0.85,1.05,2.71598401479423
11280,8,463,DEV,scram,67,0.771229291553659,67,474,68.125056396937,0.474684352288023,0.774782269727439,1.62493613013066,2.77504347614013,0.3,0.85,1.15,2.89888044423424
11280,8,464,DEV,scram,66,0.745834604977329,0,574,71.0240441174246,0.574707958614454,0.87481202208437,1.72498068888672,3.07508747605607,0.3,0.85,1.35,3.19937003171071
11280,8,465,DEV,scram,76,0.697188888172255,0,774,74.2235284093767,0.774110117461532,1.07420328562148,1.92438200954348,3.02451624441892,0.3,0.85,1.1,3.14952486986294
11280,8,466,DEV,scram,68,0.80178850581219,68,357,77.3731655839365,0.356906813569367,0.657006127992645,1.50718289613724,2.8573056072928,0.3,0.85,1.35,2.98210610565729
11280,8,467,DEV,scram,72,0.754391407983843,72,540,80.3553825975396,0.540311408229172,0.840398989384994,1.69057464017533,2.89068275433965,0.3,0.85,1.2,3.01568411639892
11280,8,468,DEV,scram,86,0.389371653987138,0,2673,83.3711826503277,2.67282573622651,2.9729652791284,3.82319624419324,4.92330980626866,0.3,0.85,1.1,5.04876793012954
11280,8,469,DEV,scram,74,0.802053469736577,0,356,88.4200667962432,0.3563757406082,0.656470864312723,1.50664372136816,2.75675036921166,0.3,0.85,1.25,2.88207495654933
11280,8,470,DEV,scram,78,0.678111889900035,78,856,91.3022501464002,0.856411359505728,1.1565087181516,2.00672040716745,3.50686330231838,0.3,0.85,1.5,3.63276477879845
11280,8,471,DEV,scram,78,0.663136905279768,78,922,94.9351275092922,0.92231359006837,1.22241430124268,2.07261900603771,3.22276658075862,0.3,0.85,1.15,3.3489549648948
11280,8,472,DEV,scram,78,0.666961368105006,78,905,98.284193102736,0.90550028020516,1.20559288957156,2.05575121985748,3.35585723887198,0.3,0.85,1.3,3.48204478505068
11280,8,473,DEV,scram,77,0.682024234772107,77,839,101.766349075129,0.838875331915915,1.13897827803157,1.98913074145094,3.43926616362296,0.3,0.85,1.45,3.56562496069819
11280,8,474,DEV,scram,76,0.627004271331228,76,1088,105.332083267625,1.08856041752733,1.3886561000254,2.23885382083245,3.73897408740595,0.3,0.85,1.5,3.86547200824134
11280,8,475,DEV,scram,75,0.6413214823325,75,1021,109.197667022003,1.02171812346205,1.32181101222523,2.1719715774525,3.27208849159069,0.3,0.85,1.1,3.41520891617984
11280,8,476,DEV,scram,78,0.592909169260996,78,1255,112.612986566732,1.25522796902806,1.5553194610402,2.40552556258626,3.85567467380315,0.3,0.85,1.45,3.98335207416676
11280,8,477,DEV,scram,73,0.599865757373963,73,1220,116.596449269447,1.22058110730723,1.52067930414341,2.37084294226952,3.87095119641162,0.3,0.85,1.5,3.9981522790622
11280,8,478,DEV,scram,76,0.627215288521302,76,1087,120.594712735852,1.08757593506016,1.38767608744092,2.23788526188582,3.38801132538356,0.3,0.85,1.15,3.51545685273595
11280,8,479,DEV,scram,72,0.573776494169521,0,1354,124.110281614121,1.35408550524153,1.6541767178569,2.50433504814282,3.75447996868752,0.3,0.85,1.25,3.88227246748284
11280,8,480,DEV,scram,81,0.507264051845363,81,1737,127.992668062681,1.73696768726222,2.03706895699725,2.88724293163978,4.33738757297397,0.3,0.85,1.45,4.46539630019106
11280,8,481,DEV,scram,76,0.482026035171149,0,1903,132.458171918523,1.90326871164143,2.20335908606648,3.05356099735945,4.20367169566453,0.3,0.85,1.15,4.33225004863925
11280,8,482,DEV,scram,74,0.5966731304444,74,1236,136.790533433668,1.23637445550412,1.53646762366407,2.38663126179017,3.88674398581497,0.3,0.85,1.5,4.01475466857664
11280,8,483,DEV,scram,81,0.549337092798836,0,1487,140.805397334043,1.48677862691693,1.78686788398772,2.63702984596603,3.98717323015444,0.3,0.85,1.35,4.11554457340389
11280,8,484,DEV,scram,71,0.682716977099057,0,836,144.92105393298,0.836650747340173,1.13675872213207,1.98697935068049,3.13712049974129,0.3,0.85,1.15,3.26557649066672
11280,8,485,DEV,scram,72,0.583532228943601,0,1303,148.186739376048,1.3030605847016,1.60315067996271,2.45331124495715,3.90342934662476,0.3,0.85,1.45,4.03227756614797
11280,8,486,DEV,scram,84,0.383349694016713,0,2735,152.219126732554,2.73555186484009,3.03564140154049,3.88581062690355,5.3859498903621,0.3,0.85,1.5,5.51527526555583
11280,8,487,DEV,scram,78,0.350799483419259,78,3101,157.734513185453,3.10156123177148,3.40165719389915,4.25182697805576,5.40197203820571,0.3,0.85,1.15,5.53135775635019
11280,8,488,DEV,scram,80,0.34389603533789,0,3185,163.265979894204,3.18491847417317,3.48501080437563,4.33518701395951,5.53532138862647,0.3,0.85,1.2,5.66548178601079
11280,8,489,DEV,scram,75,0.617178214837367,75,1135,168.931580969132,1.13480428373441,1.43489493778907,2.28505941387266,3.48516752826981,0.3,0.85,1.2,3.61514382413588
11280,8,490,DEV,scram,79,0.624268441123147,79,1101,172.546841288451,1.10169393057004,1.40179464151151,2.25200605113059,3.40215055271983,0.3,0.85,1.15,3.53263585176319
11280,8,491,DEV,scram,71,0.624268441123147,71,1101,176.07958804816,1.10111508588307,1.40120350499637,2.25139759387821,3.35151059716009,0.3,0.85,1.1,3.48202802310698
11280,8,492,DEV,scram,72,0.624268441123147,72,1101,179.561726141255,1.10116648906842,1.40125965722837,2.25142664765008,3.35156898433343,0.3,0.85,1.1,3.48191068973392
11280,8,493,DEV,scram,68,0.785745254491335,68,418,183.043748297729,0.418245614971966,0.71834213566035,1.56851806584746,2.8686631959863,0.3,0.85,1.3,2.99933566967957
11280,8,494,DEV,scram,67,0.803379223797662,67,351,186.043192640413,0.351153288967907,0.651241149520501,1.50142043200321,2.55155780981295,0.3,0.85,1.05,2.68248031521216
11280,8,495,DEV,scram,76,0.764305196993842,0,501,188.725790568395,0.500960876233876,0.801049015950412,1.65121572720818,2.85132467956282,0.3,0.85,1.2,2.98233825806528
11280,8,496,DEV,scram,77,0.614080139056543,77,1150,191.708241969347,1.15064428583719,1.4507405271288,2.30095305410214,3.75109601928852,0.3,0.85,1.45,3.88265212485567
11280,8,497,DEV,scram,74,0.553099962261162,74,1466,195.591004722752,1.46650146879256,1.76659072586335,2.61679179896601,3.91691094823182,0.3,0.85,1.3,4.04899980290793
11280,8,498,DEV,scram,68,0.687353048032034,0,816,199.640115433605,0.816272738622501,1.11636786255985,1.96652451646514,3.46664506243542,0.3,0.85,1.5,3.59887695242651
11280,8,499,DEV,scram,80,0.513339516410107,0,1699,203.239103852538,1.69913941575214,1.99927113647573,2.84944622870535,4.34959080000408,0.3,0.85,1.5,4.48224453115836
11280,8,500,DEV,scram,76,0.524328102113281,0,1632,207.721460129833,1.63197836582549,1.93207237217575,2.7822427151259,4.03234964213334,0.3,0.85,1.25,4.16448123985901
11280,8,501,DEV,scram,79,0.470738973481548,79,1982,211.886050042696,1.98263969295658,2.28272922965698,3.13293197890744,4.33305070898496,0.3,0.85,1.2,4.46640955773182
11280,8,502,DEV,scram,83,0.475540808737063,83,1948,216.352569390787,1.94796936493367,2.24809466022998,3.09826304740272,4.2483695554547,0.3,0.85,1.15,4.38124957238324
11280,8,503,DEV,scram,77,0.482755839314066,77,1898,220.733932385221,1.89849966973998,2.19859563163482,3.0487489332445,4.09888379671611,0.3,0.85,1.05,4.23211776930839
11280,8,504,DEV,scram,83,0.485251077082038,83,1881,224.966167487903,1.88154276576824,2.18154276576824,3.03180376277305,4.03180376277305,0.3,0.85,1,4.05180376277305
